molecule,num_molecules,rotational_diffusion_time_ns,rotational_diffusion_time_ns_unpied,collection_time_point_ns,collection_time_point_us,repetitions,excitation_scheme,singlet_polarization,singlet_intensity,crescent_polarization,crescent_intensity,trigger_polarization,trigger_intensity,num_x,num_y,ratio_xy_mean,ratio_xy_std,datetime,trigger_number,collection_start_time
<class 'rotational_diffusion.src.variables.molecule_properties.mScarlet'>,200000.0,7853.981633974483,2500.0,10000,10.0,5,<function gentle_check at 0x0000015C86605900>,"(0, 1, 0)",2,"(1, 0, 0)",0,"(1, 0, 0)",0.25,116,51,2.4515873015873018,0.7639869036273358,20230425145234,1,10025
<class 'rotational_diffusion.src.variables.molecule_properties.mScarlet'>,200000.0,7853.981633974483,2500.0,20000,20.0,5,<function gentle_check at 0x0000015C86605900>,"(0, 1, 0)",2,"(1, 0, 0)",0,"(1, 0, 0)",0.25,86,25,3.6399999999999997,0.960937042682818,20230425145234,1,20025
<class 'rotational_diffusion.src.variables.molecule_properties.mScarlet'>,200000.0,7853.981633974483,2500.0,30000,30.0,5,<function gentle_check at 0x0000015C86605900>,"(0, 1, 0)",2,"(1, 0, 0)",0,"(1, 0, 0)",0.25,80,28,3.020952380952381,0.9334237079665935,20230425145234,1,30025
<class 'rotational_diffusion.src.variables.molecule_properties.mScarlet'>,200000.0,7853.981633974483,2500.0,40000,40.0,5,<function gentle_check at 0x0000015C86605900>,"(0, 1, 0)",2,"(1, 0, 0)",0,"(1, 0, 0)",0.25,87,28,3.2885714285714287,1.0096747416372396,20230425145234,1,40025
<class 'rotational_diffusion.src.variables.molecule_properties.mScarlet'>,200000.0,7853.981633974483,2500.0,50000,50.0,5,<function gentle_check at 0x0000015C86605900>,"(0, 1, 0)",2,"(1, 0, 0)",0,"(1, 0, 0)",0.25,100,42,3.1007936507936504,1.761863005368198,20230425145234,1,50025
<class 'rotational_diffusion.src.variables.molecule_properties.mScarlet'>,200000.0,7853.981633974483,2500.0,60000,60.0,5,<function gentle_check at 0x0000015C86605900>,"(0, 1, 0)",2,"(1, 0, 0)",0,"(1, 0, 0)",0.25,76,37,2.088888888888889,0.40500770625567145,20230425145235,1,60025
<class 'rotational_diffusion.src.variables.molecule_properties.mScarlet'>,200000.0,7853.981633974483,2500.0,70000,70.0,5,<function gentle_check at 0x0000015C86605900>,"(0, 1, 0)",2,"(1, 0, 0)",0,"(1, 0, 0)",0.25,59,32,2.293333333333333,1.3351198915140743,20230425145235,1,70025
<class 'rotational_diffusion.src.variables.molecule_properties.mScarlet'>,200000.0,7853.981633974483,2500.0,80000,80.0,5,<function gentle_check at 0x0000015C86605900>,"(0, 1, 0)",2,"(1, 0, 0)",0,"(1, 0, 0)",0.25,78,31,2.7983333333333333,1.1424437744492189,20230425145235,1,80025
<class 'rotational_diffusion.src.variables.molecule_properties.mScarlet'>,200000.0,7853.981633974483,2500.0,90000,90.0,5,<function gentle_check at 0x0000015C86605900>,"(0, 1, 0)",2,"(1, 0, 0)",0,"(1, 0, 0)",0.25,82,31,2.8971428571428572,1.0974794870473872,20230425145235,1,90025
<class 'rotational_diffusion.src.variables.molecule_properties.mScarlet'>,200000.0,7853.981633974483,2500.0,100000,100.0,5,<function gentle_check at 0x0000015C86605900>,"(0, 1, 0)",2,"(1, 0, 0)",0,"(1, 0, 0)",0.25,104,30,4.007936507936508,1.8794666290668112,20230425145235,1,100025
<class 'rotational_diffusion.src.variables.molecule_properties.mScarlet'>,200000.0,7853.981633974483,2500.0,110000,110.0,5,<function gentle_check at 0x0000015C86605900>,"(0, 1, 0)",2,"(1, 0, 0)",0,"(1, 0, 0)",0.25,58,21,4.983333333333333,5.539354154090931,20230425145236,1,110025
<class 'rotational_diffusion.src.variables.molecule_properties.mScarlet'>,200000.0,7853.981633974483,2500.0,120000,120.0,5,<function gentle_check at 0x0000015C86605900>,"(0, 1, 0)",2,"(1, 0, 0)",0,"(1, 0, 0)",0.25,68,15,4.716666666666667,1.1874342087037917,20230425145236,1,120025
<class 'rotational_diffusion.src.variables.molecule_properties.mScarlet'>,200000.0,7853.981633974483,2500.0,130000,130.0,5,<function gentle_check at 0x0000015C86605900>,"(0, 1, 0)",2,"(1, 0, 0)",0,"(1, 0, 0)",0.25,61,14,6.333333333333334,4.904363136817845,20230425145236,1,130025
<class 'rotational_diffusion.src.variables.molecule_properties.mScarlet'>,200000.0,7853.981633974483,2500.0,140000,140.0,5,<function gentle_check at 0x0000015C86605900>,"(0, 1, 0)",2,"(1, 0, 0)",0,"(1, 0, 0)",0.25,63,15,5.8,4.626493752772659,20230425145236,1,140025
<class 'rotational_diffusion.src.variables.molecule_properties.mScarlet'>,200000.0,7853.981633974483,2500.0,150000,150.0,5,<function gentle_check at 0x0000015C86605900>,"(0, 1, 0)",2,"(1, 0, 0)",0,"(1, 0, 0)",0.25,78,23,3.6266666666666665,1.225905560981124,20230425145237,1,150025
<class 'rotational_diffusion.src.variables.molecule_properties.mScarlet'>,200000.0,7853.981633974483,2500.0,160000,160.0,5,<function gentle_check at 0x0000015C86605900>,"(0, 1, 0)",2,"(1, 0, 0)",0,"(1, 0, 0)",0.25,77,24,3.2766666666666664,0.49951087186477844,20230425145237,1,160025
<class 'rotational_diffusion.src.variables.molecule_properties.mScarlet'>,200000.0,7853.981633974483,2500.0,170000,170.0,5,<function gentle_check at 0x0000015C86605900>,"(0, 1, 0)",2,"(1, 0, 0)",0,"(1, 0, 0)",0.25,67,20,3.733333333333333,1.4628738838327793,20230425145237,1,170025
<class 'rotational_diffusion.src.variables.molecule_properties.mScarlet'>,200000.0,7853.981633974483,2500.0,180000,180.0,5,<function gentle_check at 0x0000015C86605900>,"(0, 1, 0)",2,"(1, 0, 0)",0,"(1, 0, 0)",0.25,63,18,5.875,4.456736474147871,20230425145237,1,180025
<class 'rotational_diffusion.src.variables.molecule_properties.mScarlet'>,200000.0,7853.981633974483,2500.0,190000,190.0,5,<function gentle_check at 0x0000015C86605900>,"(0, 1, 0)",2,"(1, 0, 0)",0,"(1, 0, 0)",0.25,77,21,4.1,1.3838352503098046,20230425145238,1,190025
<class 'rotational_diffusion.src.variables.molecule_properties.mScarlet'>,200000.0,7853.981633974483,2500.0,200000,200.0,5,<function gentle_check at 0x0000015C86605900>,"(0, 1, 0)",2,"(1, 0, 0)",0,"(1, 0, 0)",0.25,63,26,3.2885714285714287,2.6766625579216354,20230425145238,1,200025
<class 'rotational_diffusion.src.variables.molecule_properties.mScarlet'>,200000.0,7853.981633974483,2500.0,210000,210.0,5,<function gentle_check at 0x0000015C86605900>,"(0, 1, 0)",2,"(1, 0, 0)",0,"(1, 0, 0)",0.25,41,17,2.4833333333333334,0.597215762238964,20230425145238,1,210025
<class 'rotational_diffusion.src.variables.molecule_properties.mScarlet'>,200000.0,7853.981633974483,2500.0,220000,220.0,5,<function gentle_check at 0x0000015C86605900>,"(0, 1, 0)",2,"(1, 0, 0)",0,"(1, 0, 0)",0.25,78,18,5.033333333333333,2.0693530926891675,20230425145238,1,220025
<class 'rotational_diffusion.src.variables.molecule_properties.mScarlet'>,200000.0,7853.981633974483,2500.0,230000,230.0,5,<function gentle_check at 0x0000015C86605900>,"(0, 1, 0)",2,"(1, 0, 0)",0,"(1, 0, 0)",0.25,91,28,3.612222222222222,1.1958281391034438,20230425145239,1,230025
<class 'rotational_diffusion.src.variables.molecule_properties.mScarlet'>,200000.0,7853.981633974483,2500.0,240000,240.0,5,<function gentle_check at 0x0000015C86605900>,"(0, 1, 0)",2,"(1, 0, 0)",0,"(1, 0, 0)",0.25,69,26,2.6799999999999997,0.41182520563948005,20230425145239,1,240025
<class 'rotational_diffusion.src.variables.molecule_properties.mScarlet'>,200000.0,7853.981633974483,2500.0,250000,250.0,5,<function gentle_check at 0x0000015C86605900>,"(0, 1, 0)",2,"(1, 0, 0)",0,"(1, 0, 0)",0.25,49,18,3.0533333333333332,1.1845017705535288,20230425145239,1,250025
<class 'rotational_diffusion.src.variables.molecule_properties.mScarlet'>,200000.0,7853.981633974483,2500.0,260000,260.0,5,<function gentle_check at 0x0000015C86605900>,"(0, 1, 0)",2,"(1, 0, 0)",0,"(1, 0, 0)",0.25,48,12,5.183333333333334,3.1413019240082254,20230425145239,1,260025
<class 'rotational_diffusion.src.variables.molecule_properties.mScarlet'>,200000.0,7853.981633974483,2500.0,270000,270.0,5,<function gentle_check at 0x0000015C86605900>,"(0, 1, 0)",2,"(1, 0, 0)",0,"(1, 0, 0)",0.25,49,16,3.1333333333333337,0.6531972647421809,20230425145239,1,270025
<class 'rotational_diffusion.src.variables.molecule_properties.mScarlet'>,200000.0,7853.981633974483,2500.0,280000,280.0,5,<function gentle_check at 0x0000015C86605900>,"(0, 1, 0)",2,"(1, 0, 0)",0,"(1, 0, 0)",0.25,57,16,5.3,4.8872282533149605,20230425145240,1,280025
<class 'rotational_diffusion.src.variables.molecule_properties.mScarlet'>,200000.0,7853.981633974483,2500.0,290000,290.0,5,<function gentle_check at 0x0000015C86605900>,"(0, 1, 0)",2,"(1, 0, 0)",0,"(1, 0, 0)",0.25,72,13,7.553333333333333,4.593986407371174,20230425145240,1,290025
<class 'rotational_diffusion.src.variables.molecule_properties.mScarlet'>,200000.0,7853.981633974483,2500.0,300000,300.0,5,<function gentle_check at 0x0000015C86605900>,"(0, 1, 0)",2,"(1, 0, 0)",0,"(1, 0, 0)",0.25,60,18,3.383333333333333,0.6159906204192109,20230425145240,1,300025
<class 'rotational_diffusion.src.variables.molecule_properties.mScarlet'>,200000.0,7853.981633974483,2500.0,310000,310.0,5,<function gentle_check at 0x0000015C86605900>,"(0, 1, 0)",2,"(1, 0, 0)",0,"(1, 0, 0)",0.25,57,15,5.2,3.96042926966257,20230425145241,1,310025
<class 'rotational_diffusion.src.variables.molecule_properties.mScarlet'>,200000.0,7853.981633974483,2500.0,320000,320.0,5,<function gentle_check at 0x0000015C86605900>,"(0, 1, 0)",2,"(1, 0, 0)",0,"(1, 0, 0)",0.25,52,16,3.5333333333333328,1.2163241527012625,20230425145241,1,320025
<class 'rotational_diffusion.src.variables.molecule_properties.mScarlet'>,200000.0,7853.981633974483,2500.0,330000,330.0,5,<function gentle_check at 0x0000015C86605900>,"(0, 1, 0)",2,"(1, 0, 0)",0,"(1, 0, 0)",0.25,45,15,5.4,4.291593850514955,20230425145241,1,330025
<class 'rotational_diffusion.src.variables.molecule_properties.mScarlet'>,200000.0,7853.981633974483,2500.0,340000,340.0,5,<function gentle_check at 0x0000015C86605900>,"(0, 1, 0)",2,"(1, 0, 0)",0,"(1, 0, 0)",0.25,45,19,3.1433333333333335,1.9626965577433966,20230425145241,1,340025
<class 'rotational_diffusion.src.variables.molecule_properties.mScarlet'>,200000.0,7853.981633974483,2500.0,350000,350.0,5,<function gentle_check at 0x0000015C86605900>,"(0, 1, 0)",2,"(1, 0, 0)",0,"(1, 0, 0)",0.25,61,19,3.706666666666666,1.64808306155296,20230425145242,1,350025
<class 'rotational_diffusion.src.variables.molecule_properties.mScarlet'>,200000.0,7853.981633974483,2500.0,360000,360.0,5,<function gentle_check at 0x0000015C86605900>,"(0, 1, 0)",2,"(1, 0, 0)",0,"(1, 0, 0)",0.25,39,20,2.463333333333334,1.5157836257197133,20230425145242,1,360025
<class 'rotational_diffusion.src.variables.molecule_properties.mScarlet'>,200000.0,7853.981633974483,2500.0,370000,370.0,5,<function gentle_check at 0x0000015C86605900>,"(0, 1, 0)",2,"(1, 0, 0)",0,"(1, 0, 0)",0.25,49,12,4.95,2.2715633383201093,20230425145242,1,370025
<class 'rotational_diffusion.src.variables.molecule_properties.mScarlet'>,200000.0,7853.981633974483,2500.0,380000,380.0,5,<function gentle_check at 0x0000015C86605900>,"(0, 1, 0)",2,"(1, 0, 0)",0,"(1, 0, 0)",0.25,60,29,2.1457142857142855,0.8562619812293817,20230425145243,1,380025
<class 'rotational_diffusion.src.variables.molecule_properties.mScarlet'>,200000.0,7853.981633974483,2500.0,390000,390.0,5,<function gentle_check at 0x0000015C86605900>,"(0, 1, 0)",2,"(1, 0, 0)",0,"(1, 0, 0)",0.25,60,14,7.576666666666668,6.113660478342287,20230425145243,1,390025
<class 'rotational_diffusion.src.variables.molecule_properties.mScarlet'>,200000.0,7853.981633974483,2500.0,400000,400.0,5,<function gentle_check at 0x0000015C86605900>,"(0, 1, 0)",2,"(1, 0, 0)",0,"(1, 0, 0)",0.25,32,21,1.6166666666666667,0.5126185499743233,20230425145243,1,400025
<class 'rotational_diffusion.src.variables.molecule_properties.mScarlet'>,200000.0,7853.981633974483,2500.0,410000,410.0,5,<function gentle_check at 0x0000015C86605900>,"(0, 1, 0)",2,"(1, 0, 0)",0,"(1, 0, 0)",0.25,24,17,1.5833333333333335,0.7655789385237235,20230425145243,1,410025
<class 'rotational_diffusion.src.variables.molecule_properties.mScarlet'>,200000.0,7853.981633974483,2500.0,420000,420.0,5,<function gentle_check at 0x0000015C86605900>,"(0, 1, 0)",2,"(1, 0, 0)",0,"(1, 0, 0)",0.25,45,20,2.783333333333333,1.4791138488222526,20230425145244,1,420025
<class 'rotational_diffusion.src.variables.molecule_properties.mScarlet'>,200000.0,7853.981633974483,2500.0,430000,430.0,5,<function gentle_check at 0x0000015C86605900>,"(0, 1, 0)",2,"(1, 0, 0)",0,"(1, 0, 0)",0.25,45,12,4.833333333333333,3.3031971044899984,20230425145244,1,430025
<class 'rotational_diffusion.src.variables.molecule_properties.mScarlet'>,200000.0,7853.981633974483,2500.0,440000,440.0,5,<function gentle_check at 0x0000015C86605900>,"(0, 1, 0)",2,"(1, 0, 0)",0,"(1, 0, 0)",0.25,44,23,2.6333333333333337,1.6787892462525882,20230425145244,1,440025
<class 'rotational_diffusion.src.variables.molecule_properties.mScarlet'>,200000.0,7853.981633974483,2500.0,450000,450.0,5,<function gentle_check at 0x0000015C86605900>,"(0, 1, 0)",2,"(1, 0, 0)",0,"(1, 0, 0)",0.25,49,9,5.7,1.16619037896906,20230425145245,1,450025
<class 'rotational_diffusion.src.variables.molecule_properties.mScarlet'>,200000.0,7853.981633974483,2500.0,460000,460.0,5,<function gentle_check at 0x0000015C86605900>,"(0, 1, 0)",2,"(1, 0, 0)",0,"(1, 0, 0)",0.25,36,19,2.0666666666666664,0.6200358412579424,20230425145245,1,460025
<class 'rotational_diffusion.src.variables.molecule_properties.mScarlet'>,200000.0,7853.981633974483,2500.0,470000,470.0,5,<function gentle_check at 0x0000015C86605900>,"(0, 1, 0)",2,"(1, 0, 0)",0,"(1, 0, 0)",0.25,19,12,2.0666666666666664,1.5114378731672846,20230425145245,1,470025
<class 'rotational_diffusion.src.variables.molecule_properties.mScarlet'>,200000.0,7853.981633974483,2500.0,480000,480.0,5,<function gentle_check at 0x0000015C86605900>,"(0, 1, 0)",2,"(1, 0, 0)",0,"(1, 0, 0)",0.25,32,19,1.8399999999999999,0.7394893132726426,20230425145246,1,480025
<class 'rotational_diffusion.src.variables.molecule_properties.mScarlet'>,200000.0,7853.981633974483,2500.0,490000,490.0,5,<function gentle_check at 0x0000015C86605900>,"(0, 1, 0)",2,"(1, 0, 0)",0,"(1, 0, 0)",0.25,35,16,2.2666666666666666,0.6463573143221771,20230425145246,1,490025
<class 'rotational_diffusion.src.variables.molecule_properties.mScarlet'>,200000.0,7853.981633974483,2500.0,500000,500.0,5,<function gentle_check at 0x0000015C86605900>,"(0, 1, 0)",2,"(1, 0, 0)",0,"(1, 0, 0)",0.25,26,11,3.0,2.0763215336529917,20230425145247,1,500025
<class 'rotational_diffusion.src.variables.molecule_properties.mScarlet'>,200000.0,7853.981633974483,2500.0,510000,510.0,5,<function gentle_check at 0x0000015C86605900>,"(0, 1, 0)",2,"(1, 0, 0)",0,"(1, 0, 0)",0.25,26,3,2.6,2.154065922853802,20230425145247,1,510025
<class 'rotational_diffusion.src.variables.molecule_properties.mScarlet'>,200000.0,7853.981633974483,2500.0,520000,520.0,5,<function gentle_check at 0x0000015C86605900>,"(0, 1, 0)",2,"(1, 0, 0)",0,"(1, 0, 0)",0.25,43,18,2.8500000000000005,1.44952099367726,20230425145247,1,520025
<class 'rotational_diffusion.src.variables.molecule_properties.mScarlet'>,200000.0,7853.981633974483,2500.0,530000,530.0,5,<function gentle_check at 0x0000015C86605900>,"(0, 1, 0)",2,"(1, 0, 0)",0,"(1, 0, 0)",0.25,40,19,2.2133333333333334,0.5615850583640717,20230425145248,1,530025
<class 'rotational_diffusion.src.variables.molecule_properties.mScarlet'>,200000.0,7853.981633974483,2500.0,540000,540.0,5,<function gentle_check at 0x0000015C86605900>,"(0, 1, 0)",2,"(1, 0, 0)",0,"(1, 0, 0)",0.25,24,10,2.8666666666666667,1.6241236953439777,20230425145248,1,540025
<class 'rotational_diffusion.src.variables.molecule_properties.mScarlet'>,200000.0,7853.981633974483,2500.0,550000,550.0,5,<function gentle_check at 0x0000015C86605900>,"(0, 1, 0)",2,"(1, 0, 0)",0,"(1, 0, 0)",0.25,45,7,5.133333333333333,4.107445813533164,20230425145249,1,550025
<class 'rotational_diffusion.src.variables.molecule_properties.mScarlet'>,200000.0,7853.981633974483,2500.0,560000,560.0,5,<function gentle_check at 0x0000015C86605900>,"(0, 1, 0)",2,"(1, 0, 0)",0,"(1, 0, 0)",0.25,26,7,2.833333333333333,1.9436506316151,20230425145249,1,560025
<class 'rotational_diffusion.src.variables.molecule_properties.mScarlet'>,200000.0,7853.981633974483,2500.0,570000,570.0,5,<function gentle_check at 0x0000015C86605900>,"(0, 1, 0)",2,"(1, 0, 0)",0,"(1, 0, 0)",0.25,39,18,2.2333333333333334,0.5093568929978708,20230425145249,1,570025
<class 'rotational_diffusion.src.variables.molecule_properties.mScarlet'>,200000.0,7853.981633974483,2500.0,580000,580.0,5,<function gentle_check at 0x0000015C86605900>,"(0, 1, 0)",2,"(1, 0, 0)",0,"(1, 0, 0)",0.25,49,12,6.183333333333334,4.369210454990696,20230425145250,1,580025
<class 'rotational_diffusion.src.variables.molecule_properties.mScarlet'>,200000.0,7853.981633974483,2500.0,590000,590.0,5,<function gentle_check at 0x0000015C86605900>,"(0, 1, 0)",2,"(1, 0, 0)",0,"(1, 0, 0)",0.25,53,16,4.86,4.121833464747346,20230425145250,1,590025
<class 'rotational_diffusion.src.variables.molecule_properties.mScarlet'>,200000.0,7853.981633974483,2500.0,600000,600.0,5,<function gentle_check at 0x0000015C86605900>,"(0, 1, 0)",2,"(1, 0, 0)",0,"(1, 0, 0)",0.25,31,9,1.1333333333333333,0.9568466729604882,20230425145251,1,600025
<class 'rotational_diffusion.src.variables.molecule_properties.mScarlet'>,200000.0,7853.981633974483,2500.0,610000,610.0,5,<function gentle_check at 0x0000015C86605900>,"(0, 1, 0)",2,"(1, 0, 0)",0,"(1, 0, 0)",0.25,40,10,6.18,3.201499648602198,20230425145251,1,610025
<class 'rotational_diffusion.src.variables.molecule_properties.mScarlet'>,200000.0,7853.981633974483,2500.0,620000,620.0,5,<function gentle_check at 0x0000015C86605900>,"(0, 1, 0)",2,"(1, 0, 0)",0,"(1, 0, 0)",0.25,32,11,1.9333333333333331,1.2319812408384219,20230425145251,1,620025
<class 'rotational_diffusion.src.variables.molecule_properties.mScarlet'>,200000.0,7853.981633974483,2500.0,630000,630.0,5,<function gentle_check at 0x0000015C86605900>,"(0, 1, 0)",2,"(1, 0, 0)",0,"(1, 0, 0)",0.25,39,3,4.6,3.7735924528226414,20230425145252,1,630025
<class 'rotational_diffusion.src.variables.molecule_properties.mScarlet'>,200000.0,7853.981633974483,2500.0,640000,640.0,5,<function gentle_check at 0x0000015C86605900>,"(0, 1, 0)",2,"(1, 0, 0)",0,"(1, 0, 0)",0.25,32,12,0.8099999999999999,0.7644605941446556,20230425145252,1,640025
<class 'rotational_diffusion.src.variables.molecule_properties.mScarlet'>,200000.0,7853.981633974483,2500.0,650000,650.0,5,<function gentle_check at 0x0000015C86605900>,"(0, 1, 0)",2,"(1, 0, 0)",0,"(1, 0, 0)",0.25,32,6,4.133333333333333,2.7696770770454653,20230425145252,1,650025
<class 'rotational_diffusion.src.variables.molecule_properties.mScarlet'>,200000.0,7853.981633974483,2500.0,660000,660.0,5,<function gentle_check at 0x0000015C86605900>,"(0, 1, 0)",2,"(1, 0, 0)",0,"(1, 0, 0)",0.25,58,13,6.133333333333334,3.7644536271697002,20230425145253,1,660025
<class 'rotational_diffusion.src.variables.molecule_properties.mScarlet'>,200000.0,7853.981633974483,2500.0,670000,670.0,5,<function gentle_check at 0x0000015C86605900>,"(0, 1, 0)",2,"(1, 0, 0)",0,"(1, 0, 0)",0.25,40,5,3.3,3.3105890714493698,20230425145253,1,670025
<class 'rotational_diffusion.src.variables.molecule_properties.mScarlet'>,200000.0,7853.981633974483,2500.0,680000,680.0,5,<function gentle_check at 0x0000015C86605900>,"(0, 1, 0)",2,"(1, 0, 0)",0,"(1, 0, 0)",0.25,21,5,2.6,1.4966629547095764,20230425145253,1,680025
<class 'rotational_diffusion.src.variables.molecule_properties.mScarlet'>,200000.0,7853.981633974483,2500.0,690000,690.0,5,<function gentle_check at 0x0000015C86605900>,"(0, 1, 0)",2,"(1, 0, 0)",0,"(1, 0, 0)",0.25,35,9,4.7,1.9899748742132402,20230425145254,1,690025
<class 'rotational_diffusion.src.variables.molecule_properties.mScarlet'>,200000.0,7853.981633974483,2500.0,700000,700.0,5,<function gentle_check at 0x0000015C86605900>,"(0, 1, 0)",2,"(1, 0, 0)",0,"(1, 0, 0)",0.25,8,3,0.8,0.7483314773547883,20230425145254,1,700025
<class 'rotational_diffusion.src.variables.molecule_properties.mScarlet'>,200000.0,7853.981633974483,2500.0,710000,710.0,5,<function gentle_check at 0x0000015C86605900>,"(0, 1, 0)",2,"(1, 0, 0)",0,"(1, 0, 0)",0.25,37,14,3.8733333333333335,3.1485022894491705,20230425145255,1,710025
<class 'rotational_diffusion.src.variables.molecule_properties.mScarlet'>,200000.0,7853.981633974483,2500.0,720000,720.0,5,<function gentle_check at 0x0000015C86605900>,"(0, 1, 0)",2,"(1, 0, 0)",0,"(1, 0, 0)",0.25,24,2,1.6,2.0591260281974,20230425145255,1,720025
<class 'rotational_diffusion.src.variables.molecule_properties.mScarlet'>,200000.0,7853.981633974483,2500.0,730000,730.0,5,<function gentle_check at 0x0000015C86605900>,"(0, 1, 0)",2,"(1, 0, 0)",0,"(1, 0, 0)",0.25,7,10,0.7,0.2449489742783178,20230425145256,1,730025
<class 'rotational_diffusion.src.variables.molecule_properties.mScarlet'>,200000.0,7853.981633974483,2500.0,740000,740.0,5,<function gentle_check at 0x0000015C86605900>,"(0, 1, 0)",2,"(1, 0, 0)",0,"(1, 0, 0)",0.25,35,14,2.7333333333333334,0.8981462390204986,20230425145256,1,740025
<class 'rotational_diffusion.src.variables.molecule_properties.mScarlet'>,200000.0,7853.981633974483,2500.0,750000,750.0,5,<function gentle_check at 0x0000015C86605900>,"(0, 1, 0)",2,"(1, 0, 0)",0,"(1, 0, 0)",0.25,32,25,1.5833333333333335,0.8959786703810408,20230425145256,1,750025
<class 'rotational_diffusion.src.variables.molecule_properties.mScarlet'>,200000.0,7853.981633974483,2500.0,760000,760.0,5,<function gentle_check at 0x0000015C86605900>,"(0, 1, 0)",2,"(1, 0, 0)",0,"(1, 0, 0)",0.25,20,1,0.8,1.6000000000000003,20230425145257,1,760025
<class 'rotational_diffusion.src.variables.molecule_properties.mScarlet'>,200000.0,7853.981633974483,2500.0,770000,770.0,5,<function gentle_check at 0x0000015C86605900>,"(0, 1, 0)",2,"(1, 0, 0)",0,"(1, 0, 0)",0.25,19,1,0.4,0.8000000000000002,20230425145257,1,770025
<class 'rotational_diffusion.src.variables.molecule_properties.mScarlet'>,200000.0,7853.981633974483,2500.0,780000,780.0,5,<function gentle_check at 0x0000015C86605900>,"(0, 1, 0)",2,"(1, 0, 0)",0,"(1, 0, 0)",0.25,26,8,0.9333333333333332,0.8,20230425145258,1,780025
<class 'rotational_diffusion.src.variables.molecule_properties.mScarlet'>,200000.0,7853.981633974483,2500.0,790000,790.0,5,<function gentle_check at 0x0000015C86605900>,"(0, 1, 0)",2,"(1, 0, 0)",0,"(1, 0, 0)",0.25,15,7,1.4,1.019803902718557,20230425145258,1,790025
<class 'rotational_diffusion.src.variables.molecule_properties.mScarlet'>,200000.0,7853.981633974483,2500.0,800000,800.0,5,<function gentle_check at 0x0000015C86605900>,"(0, 1, 0)",2,"(1, 0, 0)",0,"(1, 0, 0)",0.25,22,3,2.2,1.8330302779823362,20230425145259,1,800025
<class 'rotational_diffusion.src.variables.molecule_properties.mScarlet'>,200000.0,7853.981633974483,2500.0,810000,810.0,5,<function gentle_check at 0x0000015C86605900>,"(0, 1, 0)",2,"(1, 0, 0)",0,"(1, 0, 0)",0.25,36,17,2.1666666666666665,0.44721359549995787,20230425145259,1,810025
<class 'rotational_diffusion.src.variables.molecule_properties.mScarlet'>,200000.0,7853.981633974483,2500.0,820000,820.0,5,<function gentle_check at 0x0000015C86605900>,"(0, 1, 0)",2,"(1, 0, 0)",0,"(1, 0, 0)",0.25,15,10,1.25,1.118033988749895,20230425145300,1,820025
<class 'rotational_diffusion.src.variables.molecule_properties.mScarlet'>,200000.0,7853.981633974483,2500.0,830000,830.0,5,<function gentle_check at 0x0000015C86605900>,"(0, 1, 0)",2,"(1, 0, 0)",0,"(1, 0, 0)",0.25,16,1,0.8,1.6,20230425145300,1,830025
<class 'rotational_diffusion.src.variables.molecule_properties.mScarlet'>,200000.0,7853.981633974483,2500.0,840000,840.0,5,<function gentle_check at 0x0000015C86605900>,"(0, 1, 0)",2,"(1, 0, 0)",0,"(1, 0, 0)",0.25,15,8,1.75,1.5491933384829668,20230425145300,1,840025
<class 'rotational_diffusion.src.variables.molecule_properties.mScarlet'>,200000.0,7853.981633974483,2500.0,850000,850.0,5,<function gentle_check at 0x0000015C86605900>,"(0, 1, 0)",2,"(1, 0, 0)",0,"(1, 0, 0)",0.25,29,8,4.3,2.2045407685048604,20230425145301,1,850025
<class 'rotational_diffusion.src.variables.molecule_properties.mScarlet'>,200000.0,7853.981633974483,2500.0,860000,860.0,5,<function gentle_check at 0x0000015C86605900>,"(0, 1, 0)",2,"(1, 0, 0)",0,"(1, 0, 0)",0.25,15,5,1.0,1.0954451150103321,20230425145301,1,860025
<class 'rotational_diffusion.src.variables.molecule_properties.mScarlet'>,200000.0,7853.981633974483,2500.0,870000,870.0,5,<function gentle_check at 0x0000015C86605900>,"(0, 1, 0)",2,"(1, 0, 0)",0,"(1, 0, 0)",0.25,22,2,1.6,1.9595917942265426,20230425145302,1,870025
<class 'rotational_diffusion.src.variables.molecule_properties.mScarlet'>,200000.0,7853.981633974483,2500.0,880000,880.0,5,<function gentle_check at 0x0000015C86605900>,"(0, 1, 0)",2,"(1, 0, 0)",0,"(1, 0, 0)",0.25,18,3,1.8,1.6,20230425145302,1,880025
<class 'rotational_diffusion.src.variables.molecule_properties.mScarlet'>,200000.0,7853.981633974483,2500.0,890000,890.0,5,<function gentle_check at 0x0000015C86605900>,"(0, 1, 0)",2,"(1, 0, 0)",0,"(1, 0, 0)",0.25,25,13,2.6,1.8306040290327972,20230425145302,1,890025
<class 'rotational_diffusion.src.variables.molecule_properties.mScarlet'>,200000.0,7853.981633974483,2500.0,900000,900.0,5,<function gentle_check at 0x0000015C86605900>,"(0, 1, 0)",2,"(1, 0, 0)",0,"(1, 0, 0)",0.25,7,2,0.4,0.48989794855663565,20230425145303,1,900025
<class 'rotational_diffusion.src.variables.molecule_properties.mScarlet'>,200000.0,7853.981633974483,2500.0,910000,910.0,5,<function gentle_check at 0x0000015C86605900>,"(0, 1, 0)",2,"(1, 0, 0)",0,"(1, 0, 0)",0.25,11,2,0.8,0.9797958971132713,20230425145303,1,910025
<class 'rotational_diffusion.src.variables.molecule_properties.mScarlet'>,200000.0,7853.981633974483,2500.0,920000,920.0,5,<function gentle_check at 0x0000015C86605900>,"(0, 1, 0)",2,"(1, 0, 0)",0,"(1, 0, 0)",0.25,17,2,0.2,0.4,20230425145304,1,920025
<class 'rotational_diffusion.src.variables.molecule_properties.mScarlet'>,200000.0,7853.981633974483,2500.0,930000,930.0,5,<function gentle_check at 0x0000015C86605900>,"(0, 1, 0)",2,"(1, 0, 0)",0,"(1, 0, 0)",0.25,18,9,2.2,0.9797958971132712,20230425145304,1,930025
<class 'rotational_diffusion.src.variables.molecule_properties.mScarlet'>,200000.0,7853.981633974483,2500.0,940000,940.0,5,<function gentle_check at 0x0000015C86605900>,"(0, 1, 0)",2,"(1, 0, 0)",0,"(1, 0, 0)",0.25,3,5,0.5,0.5,20230425145304,1,940025
<class 'rotational_diffusion.src.variables.molecule_properties.mScarlet'>,200000.0,7853.981633974483,2500.0,950000,950.0,5,<function gentle_check at 0x0000015C86605900>,"(0, 1, 0)",2,"(1, 0, 0)",0,"(1, 0, 0)",0.25,6,8,0.4,0.20000000000000004,20230425145305,1,950025
<class 'rotational_diffusion.src.variables.molecule_properties.mScarlet'>,200000.0,7853.981633974483,2500.0,960000,960.0,5,<function gentle_check at 0x0000015C86605900>,"(0, 1, 0)",2,"(1, 0, 0)",0,"(1, 0, 0)",0.25,11,7,1.1,1.019803902718557,20230425145305,1,960025
<class 'rotational_diffusion.src.variables.molecule_properties.mScarlet'>,200000.0,7853.981633974483,2500.0,970000,970.0,5,<function gentle_check at 0x0000015C86605900>,"(0, 1, 0)",2,"(1, 0, 0)",0,"(1, 0, 0)",0.25,18,3,2.0,1.6733200530681511,20230425145306,1,970025
<class 'rotational_diffusion.src.variables.molecule_properties.mScarlet'>,200000.0,7853.981633974483,2500.0,980000,980.0,5,<function gentle_check at 0x0000015C86605900>,"(0, 1, 0)",2,"(1, 0, 0)",0,"(1, 0, 0)",0.25,9,6,1.7,0.6000000000000001,20230425145306,1,980025
<class 'rotational_diffusion.src.variables.molecule_properties.mScarlet'>,200000.0,7853.981633974483,2500.0,990000,990.0,5,<function gentle_check at 0x0000015C86605900>,"(0, 1, 0)",2,"(1, 0, 0)",0,"(1, 0, 0)",0.25,18,4,1.5,1.6733200530681511,20230425145307,1,990025
<class 'rotational_diffusion.src.variables.molecule_properties.mScarlet'>,200000.0,7853.981633974483,2500.0,1000000,1000.0,5,<function gentle_check at 0x0000015C86605900>,"(0, 1, 0)",2,"(1, 0, 0)",0,"(1, 0, 0)",0.25,1,4,0.0,0.0,20230425145307,1,1000025
<class 'rotational_diffusion.src.variables.molecule_properties.mScarlet'>,200000.0,78539.81633974482,25000.0,10000,10.0,5,<function gentle_check at 0x0000015C86605900>,"(0, 1, 0)",2,"(1, 0, 0)",0,"(1, 0, 0)",0.25,79,48,1.7392857142857143,0.5367145325576655,20230425145308,1,10025
<class 'rotational_diffusion.src.variables.molecule_properties.mScarlet'>,200000.0,78539.81633974482,25000.0,20000,20.0,5,<function gentle_check at 0x0000015C86605900>,"(0, 1, 0)",2,"(1, 0, 0)",0,"(1, 0, 0)",0.25,76,25,3.893333333333333,2.8124643207613422,20230425145308,1,20025
<class 'rotational_diffusion.src.variables.molecule_properties.mScarlet'>,200000.0,78539.81633974482,25000.0,30000,30.0,5,<function gentle_check at 0x0000015C86605900>,"(0, 1, 0)",2,"(1, 0, 0)",0,"(1, 0, 0)",0.25,60,32,1.9835714285714285,0.6256898233965779,20230425145308,1,30025
<class 'rotational_diffusion.src.variables.molecule_properties.mScarlet'>,200000.0,78539.81633974482,25000.0,40000,40.0,5,<function gentle_check at 0x0000015C86605900>,"(0, 1, 0)",2,"(1, 0, 0)",0,"(1, 0, 0)",0.25,88,29,3.4416666666666673,1.5137334272879384,20230425145308,1,40025
<class 'rotational_diffusion.src.variables.molecule_properties.mScarlet'>,200000.0,78539.81633974482,25000.0,50000,50.0,5,<function gentle_check at 0x0000015C86605900>,"(0, 1, 0)",2,"(1, 0, 0)",0,"(1, 0, 0)",0.25,82,31,2.7314285714285713,0.6084037327637104,20230425145308,1,50025
<class 'rotational_diffusion.src.variables.molecule_properties.mScarlet'>,200000.0,78539.81633974482,25000.0,60000,60.0,5,<function gentle_check at 0x0000015C86605900>,"(0, 1, 0)",2,"(1, 0, 0)",0,"(1, 0, 0)",0.25,86,26,3.4333333333333327,0.7019813229550896,20230425145309,1,60025
<class 'rotational_diffusion.src.variables.molecule_properties.mScarlet'>,200000.0,78539.81633974482,25000.0,70000,70.0,5,<function gentle_check at 0x0000015C86605900>,"(0, 1, 0)",2,"(1, 0, 0)",0,"(1, 0, 0)",0.25,120,41,3.2111111111111112,1.1244477382472617,20230425145309,1,70025
<class 'rotational_diffusion.src.variables.molecule_properties.mScarlet'>,200000.0,78539.81633974482,25000.0,80000,80.0,5,<function gentle_check at 0x0000015C86605900>,"(0, 1, 0)",2,"(1, 0, 0)",0,"(1, 0, 0)",0.25,80,21,4.126190476190477,1.0875402356567483,20230425145309,1,80025
<class 'rotational_diffusion.src.variables.molecule_properties.mScarlet'>,200000.0,78539.81633974482,25000.0,90000,90.0,5,<function gentle_check at 0x0000015C86605900>,"(0, 1, 0)",2,"(1, 0, 0)",0,"(1, 0, 0)",0.25,74,28,2.7800000000000002,0.7054076835419358,20230425145309,1,90025
<class 'rotational_diffusion.src.variables.molecule_properties.mScarlet'>,200000.0,78539.81633974482,25000.0,100000,100.0,5,<function gentle_check at 0x0000015C86605900>,"(0, 1, 0)",2,"(1, 0, 0)",0,"(1, 0, 0)",0.25,70,24,3.6228571428571428,2.2393439272451645,20230425145309,1,100025
<class 'rotational_diffusion.src.variables.molecule_properties.mScarlet'>,200000.0,78539.81633974482,25000.0,110000,110.0,5,<function gentle_check at 0x0000015C86605900>,"(0, 1, 0)",2,"(1, 0, 0)",0,"(1, 0, 0)",0.25,81,28,3.125555555555555,0.8552784544041204,20230425145309,1,110025
<class 'rotational_diffusion.src.variables.molecule_properties.mScarlet'>,200000.0,78539.81633974482,25000.0,120000,120.0,5,<function gentle_check at 0x0000015C86605900>,"(0, 1, 0)",2,"(1, 0, 0)",0,"(1, 0, 0)",0.25,66,35,2.3926190476190476,1.6568863375623892,20230425145310,1,120025
<class 'rotational_diffusion.src.variables.molecule_properties.mScarlet'>,200000.0,78539.81633974482,25000.0,130000,130.0,5,<function gentle_check at 0x0000015C86605900>,"(0, 1, 0)",2,"(1, 0, 0)",0,"(1, 0, 0)",0.25,83,12,6.373333333333333,6.132405726955776,20230425145310,1,130025
<class 'rotational_diffusion.src.variables.molecule_properties.mScarlet'>,200000.0,78539.81633974482,25000.0,140000,140.0,5,<function gentle_check at 0x0000015C86605900>,"(0, 1, 0)",2,"(1, 0, 0)",0,"(1, 0, 0)",0.25,74,17,4.96,2.361675488103967,20230425145310,1,140025
<class 'rotational_diffusion.src.variables.molecule_properties.mScarlet'>,200000.0,78539.81633974482,25000.0,150000,150.0,5,<function gentle_check at 0x0000015C86605900>,"(0, 1, 0)",2,"(1, 0, 0)",0,"(1, 0, 0)",0.25,53,29,2.104761904761905,1.1193616580631793,20230425145310,1,150025
<class 'rotational_diffusion.src.variables.molecule_properties.mScarlet'>,200000.0,78539.81633974482,25000.0,160000,160.0,5,<function gentle_check at 0x0000015C86605900>,"(0, 1, 0)",2,"(1, 0, 0)",0,"(1, 0, 0)",0.25,79,20,4.1,1.0074720839804943,20230425145310,1,160025
<class 'rotational_diffusion.src.variables.molecule_properties.mScarlet'>,200000.0,78539.81633974482,25000.0,170000,170.0,5,<function gentle_check at 0x0000015C86605900>,"(0, 1, 0)",2,"(1, 0, 0)",0,"(1, 0, 0)",0.25,66,21,3.7800000000000002,1.9038674090154262,20230425145310,1,170025
<class 'rotational_diffusion.src.variables.molecule_properties.mScarlet'>,200000.0,78539.81633974482,25000.0,180000,180.0,5,<function gentle_check at 0x0000015C86605900>,"(0, 1, 0)",2,"(1, 0, 0)",0,"(1, 0, 0)",0.25,67,30,2.7746753246753246,1.2213603894334568,20230425145310,1,180025
<class 'rotational_diffusion.src.variables.molecule_properties.mScarlet'>,200000.0,78539.81633974482,25000.0,190000,190.0,5,<function gentle_check at 0x0000015C86605900>,"(0, 1, 0)",2,"(1, 0, 0)",0,"(1, 0, 0)",0.25,82,20,5.066666666666666,2.4326483054025254,20230425145311,1,190025
<class 'rotational_diffusion.src.variables.molecule_properties.mScarlet'>,200000.0,78539.81633974482,25000.0,200000,200.0,5,<function gentle_check at 0x0000015C86605900>,"(0, 1, 0)",2,"(1, 0, 0)",0,"(1, 0, 0)",0.25,62,27,2.654761904761905,1.2192708129011962,20230425145311,1,200025
<class 'rotational_diffusion.src.variables.molecule_properties.mScarlet'>,200000.0,78539.81633974482,25000.0,210000,210.0,5,<function gentle_check at 0x0000015C86605900>,"(0, 1, 0)",2,"(1, 0, 0)",0,"(1, 0, 0)",0.25,90,27,3.6723809523809523,1.3810981860629914,20230425145311,1,210025
<class 'rotational_diffusion.src.variables.molecule_properties.mScarlet'>,200000.0,78539.81633974482,25000.0,220000,220.0,5,<function gentle_check at 0x0000015C86605900>,"(0, 1, 0)",2,"(1, 0, 0)",0,"(1, 0, 0)",0.25,50,22,2.816666666666667,1.2827920936595902,20230425145311,1,220025
<class 'rotational_diffusion.src.variables.molecule_properties.mScarlet'>,200000.0,78539.81633974482,25000.0,230000,230.0,5,<function gentle_check at 0x0000015C86605900>,"(0, 1, 0)",2,"(1, 0, 0)",0,"(1, 0, 0)",0.25,45,27,1.7799999999999998,0.6645299090334459,20230425145311,1,230025
<class 'rotational_diffusion.src.variables.molecule_properties.mScarlet'>,200000.0,78539.81633974482,25000.0,240000,240.0,5,<function gentle_check at 0x0000015C86605900>,"(0, 1, 0)",2,"(1, 0, 0)",0,"(1, 0, 0)",0.25,63,24,2.6100000000000003,0.2690724809414742,20230425145311,1,240025
<class 'rotational_diffusion.src.variables.molecule_properties.mScarlet'>,200000.0,78539.81633974482,25000.0,250000,250.0,5,<function gentle_check at 0x0000015C86605900>,"(0, 1, 0)",2,"(1, 0, 0)",0,"(1, 0, 0)",0.25,84,22,4.026666666666666,1.216625570082175,20230425145312,1,250025
<class 'rotational_diffusion.src.variables.molecule_properties.mScarlet'>,200000.0,78539.81633974482,25000.0,260000,260.0,5,<function gentle_check at 0x0000015C86605900>,"(0, 1, 0)",2,"(1, 0, 0)",0,"(1, 0, 0)",0.25,99,23,5.489523809523809,3.2515872977129994,20230425145312,1,260025
<class 'rotational_diffusion.src.variables.molecule_properties.mScarlet'>,200000.0,78539.81633974482,25000.0,270000,270.0,5,<function gentle_check at 0x0000015C86605900>,"(0, 1, 0)",2,"(1, 0, 0)",0,"(1, 0, 0)",0.25,71,23,3.307142857142857,0.9056511920340266,20230425145312,1,270025
<class 'rotational_diffusion.src.variables.molecule_properties.mScarlet'>,200000.0,78539.81633974482,25000.0,280000,280.0,5,<function gentle_check at 0x0000015C86605900>,"(0, 1, 0)",2,"(1, 0, 0)",0,"(1, 0, 0)",0.25,78,14,7.216666666666667,4.921494804539685,20230425145312,1,280025
<class 'rotational_diffusion.src.variables.molecule_properties.mScarlet'>,200000.0,78539.81633974482,25000.0,290000,290.0,5,<function gentle_check at 0x0000015C86605900>,"(0, 1, 0)",2,"(1, 0, 0)",0,"(1, 0, 0)",0.25,49,24,2.2333333333333334,0.8069145624606802,20230425145312,1,290025
<class 'rotational_diffusion.src.variables.molecule_properties.mScarlet'>,200000.0,78539.81633974482,25000.0,300000,300.0,5,<function gentle_check at 0x0000015C86605900>,"(0, 1, 0)",2,"(1, 0, 0)",0,"(1, 0, 0)",0.25,57,16,3.7833333333333337,1.0376254944182253,20230425145312,1,300025
<class 'rotational_diffusion.src.variables.molecule_properties.mScarlet'>,200000.0,78539.81633974482,25000.0,310000,310.0,5,<function gentle_check at 0x0000015C86605900>,"(0, 1, 0)",2,"(1, 0, 0)",0,"(1, 0, 0)",0.25,51,14,5.220000000000001,3.288403868140287,20230425145312,1,310025
<class 'rotational_diffusion.src.variables.molecule_properties.mScarlet'>,200000.0,78539.81633974482,25000.0,320000,320.0,5,<function gentle_check at 0x0000015C86605900>,"(0, 1, 0)",2,"(1, 0, 0)",0,"(1, 0, 0)",0.25,37,8,4.3,3.627671429443411,20230425145313,1,320025
<class 'rotational_diffusion.src.variables.molecule_properties.mScarlet'>,200000.0,78539.81633974482,25000.0,330000,330.0,5,<function gentle_check at 0x0000015C86605900>,"(0, 1, 0)",2,"(1, 0, 0)",0,"(1, 0, 0)",0.25,48,15,3.8200000000000003,1.6029971927611102,20230425145313,1,330025
<class 'rotational_diffusion.src.variables.molecule_properties.mScarlet'>,200000.0,78539.81633974482,25000.0,340000,340.0,5,<function gentle_check at 0x0000015C86605900>,"(0, 1, 0)",2,"(1, 0, 0)",0,"(1, 0, 0)",0.25,53,9,4.55,3.4,20230425145313,1,340025
<class 'rotational_diffusion.src.variables.molecule_properties.mScarlet'>,200000.0,78539.81633974482,25000.0,350000,350.0,5,<function gentle_check at 0x0000015C86605900>,"(0, 1, 0)",2,"(1, 0, 0)",0,"(1, 0, 0)",0.25,48,14,3.7166666666666663,1.149395976637778,20230425145313,1,350025
<class 'rotational_diffusion.src.variables.molecule_properties.mScarlet'>,200000.0,78539.81633974482,25000.0,360000,360.0,5,<function gentle_check at 0x0000015C86605900>,"(0, 1, 0)",2,"(1, 0, 0)",0,"(1, 0, 0)",0.25,50,23,2.8814285714285712,2.1533249088944535,20230425145313,1,360025
<class 'rotational_diffusion.src.variables.molecule_properties.mScarlet'>,200000.0,78539.81633974482,25000.0,370000,370.0,5,<function gentle_check at 0x0000015C86605900>,"(0, 1, 0)",2,"(1, 0, 0)",0,"(1, 0, 0)",0.25,41,10,4.766666666666667,2.2622506001276204,20230425145313,1,370025
<class 'rotational_diffusion.src.variables.molecule_properties.mScarlet'>,200000.0,78539.81633974482,25000.0,380000,380.0,5,<function gentle_check at 0x0000015C86605900>,"(0, 1, 0)",2,"(1, 0, 0)",0,"(1, 0, 0)",0.25,70,22,3.9200000000000004,2.1414014102918677,20230425145314,1,380025
<class 'rotational_diffusion.src.variables.molecule_properties.mScarlet'>,200000.0,78539.81633974482,25000.0,390000,390.0,5,<function gentle_check at 0x0000015C86605900>,"(0, 1, 0)",2,"(1, 0, 0)",0,"(1, 0, 0)",0.25,52,16,4.223809523809524,1.8873970365813721,20230425145314,1,390025
<class 'rotational_diffusion.src.variables.molecule_properties.mScarlet'>,200000.0,78539.81633974482,25000.0,400000,400.0,5,<function gentle_check at 0x0000015C86605900>,"(0, 1, 0)",2,"(1, 0, 0)",0,"(1, 0, 0)",0.25,45,7,4.966666666666667,3.587633079219656,20230425145314,1,400025
<class 'rotational_diffusion.src.variables.molecule_properties.mScarlet'>,200000.0,78539.81633974482,25000.0,410000,410.0,5,<function gentle_check at 0x0000015C86605900>,"(0, 1, 0)",2,"(1, 0, 0)",0,"(1, 0, 0)",0.25,56,26,2.31,0.883402513014311,20230425145314,1,410025
<class 'rotational_diffusion.src.variables.molecule_properties.mScarlet'>,200000.0,78539.81633974482,25000.0,420000,420.0,5,<function gentle_check at 0x0000015C86605900>,"(0, 1, 0)",2,"(1, 0, 0)",0,"(1, 0, 0)",0.25,45,12,3.866666666666667,0.9854496999396323,20230425145314,1,420025
<class 'rotational_diffusion.src.variables.molecule_properties.mScarlet'>,200000.0,78539.81633974482,25000.0,430000,430.0,5,<function gentle_check at 0x0000015C86605900>,"(0, 1, 0)",2,"(1, 0, 0)",0,"(1, 0, 0)",0.25,52,19,3.666666666666667,1.9522067285795097,20230425145314,1,430025
<class 'rotational_diffusion.src.variables.molecule_properties.mScarlet'>,200000.0,78539.81633974482,25000.0,440000,440.0,5,<function gentle_check at 0x0000015C86605900>,"(0, 1, 0)",2,"(1, 0, 0)",0,"(1, 0, 0)",0.25,58,14,4.516666666666667,1.5441646429200626,20230425145314,1,440025
<class 'rotational_diffusion.src.variables.molecule_properties.mScarlet'>,200000.0,78539.81633974482,25000.0,450000,450.0,5,<function gentle_check at 0x0000015C86605900>,"(0, 1, 0)",2,"(1, 0, 0)",0,"(1, 0, 0)",0.25,27,12,2.55,1.0535653752852738,20230425145315,1,450025
<class 'rotational_diffusion.src.variables.molecule_properties.mScarlet'>,200000.0,78539.81633974482,25000.0,460000,460.0,5,<function gentle_check at 0x0000015C86605900>,"(0, 1, 0)",2,"(1, 0, 0)",0,"(1, 0, 0)",0.25,30,6,3.6,2.5573423705088847,20230425145315,1,460025
<class 'rotational_diffusion.src.variables.molecule_properties.mScarlet'>,200000.0,78539.81633974482,25000.0,470000,470.0,5,<function gentle_check at 0x0000015C86605900>,"(0, 1, 0)",2,"(1, 0, 0)",0,"(1, 0, 0)",0.25,21,6,2.4,1.8275666882497066,20230425145315,1,470025
<class 'rotational_diffusion.src.variables.molecule_properties.mScarlet'>,200000.0,78539.81633974482,25000.0,480000,480.0,5,<function gentle_check at 0x0000015C86605900>,"(0, 1, 0)",2,"(1, 0, 0)",0,"(1, 0, 0)",0.25,30,9,2.0666666666666664,1.2587471725666137,20230425145315,1,480025
<class 'rotational_diffusion.src.variables.molecule_properties.mScarlet'>,200000.0,78539.81633974482,25000.0,490000,490.0,5,<function gentle_check at 0x0000015C86605900>,"(0, 1, 0)",2,"(1, 0, 0)",0,"(1, 0, 0)",0.25,30,24,1.26,0.21540659228538014,20230425145315,1,490025
<class 'rotational_diffusion.src.variables.molecule_properties.mScarlet'>,200000.0,78539.81633974482,25000.0,500000,500.0,5,<function gentle_check at 0x0000015C86605900>,"(0, 1, 0)",2,"(1, 0, 0)",0,"(1, 0, 0)",0.25,33,24,1.7866666666666666,1.3895802723604467,20230425145315,1,500025
<class 'rotational_diffusion.src.variables.molecule_properties.mScarlet'>,200000.0,78539.81633974482,25000.0,510000,510.0,5,<function gentle_check at 0x0000015C86605900>,"(0, 1, 0)",2,"(1, 0, 0)",0,"(1, 0, 0)",0.25,18,8,2.0,1.816590212458495,20230425145316,1,510025
<class 'rotational_diffusion.src.variables.molecule_properties.mScarlet'>,200000.0,78539.81633974482,25000.0,520000,520.0,5,<function gentle_check at 0x0000015C86605900>,"(0, 1, 0)",2,"(1, 0, 0)",0,"(1, 0, 0)",0.25,37,14,2.95,0.9,20230425145316,1,520025
<class 'rotational_diffusion.src.variables.molecule_properties.mScarlet'>,200000.0,78539.81633974482,25000.0,530000,530.0,5,<function gentle_check at 0x0000015C86605900>,"(0, 1, 0)",2,"(1, 0, 0)",0,"(1, 0, 0)",0.25,33,19,1.9333333333333336,0.6716480559869962,20230425145316,1,530025
<class 'rotational_diffusion.src.variables.molecule_properties.mScarlet'>,200000.0,78539.81633974482,25000.0,540000,540.0,5,<function gentle_check at 0x0000015C86605900>,"(0, 1, 0)",2,"(1, 0, 0)",0,"(1, 0, 0)",0.25,36,9,4.4,1.8547236990991407,20230425145316,1,540025
<class 'rotational_diffusion.src.variables.molecule_properties.mScarlet'>,200000.0,78539.81633974482,25000.0,550000,550.0,5,<function gentle_check at 0x0000015C86605900>,"(0, 1, 0)",2,"(1, 0, 0)",0,"(1, 0, 0)",0.25,24,15,1.9333333333333331,1.137003860054036,20230425145316,1,550025
<class 'rotational_diffusion.src.variables.molecule_properties.mScarlet'>,200000.0,78539.81633974482,25000.0,560000,560.0,5,<function gentle_check at 0x0000015C86605900>,"(0, 1, 0)",2,"(1, 0, 0)",0,"(1, 0, 0)",0.25,52,11,5.733333333333333,3.22076595444831,20230425145317,1,560025
<class 'rotational_diffusion.src.variables.molecule_properties.mScarlet'>,200000.0,78539.81633974482,25000.0,570000,570.0,5,<function gentle_check at 0x0000015C86605900>,"(0, 1, 0)",2,"(1, 0, 0)",0,"(1, 0, 0)",0.25,39,24,1.9916666666666667,1.0186319802122408,20230425145317,1,570025
<class 'rotational_diffusion.src.variables.molecule_properties.mScarlet'>,200000.0,78539.81633974482,25000.0,580000,580.0,5,<function gentle_check at 0x0000015C86605900>,"(0, 1, 0)",2,"(1, 0, 0)",0,"(1, 0, 0)",0.25,17,10,1.0,0.5477225575051661,20230425145317,1,580025
<class 'rotational_diffusion.src.variables.molecule_properties.mScarlet'>,200000.0,78539.81633974482,25000.0,590000,590.0,5,<function gentle_check at 0x0000015C86605900>,"(0, 1, 0)",2,"(1, 0, 0)",0,"(1, 0, 0)",0.25,26,8,3.9333333333333327,1.7562586496425987,20230425145317,1,590025
<class 'rotational_diffusion.src.variables.molecule_properties.mScarlet'>,200000.0,78539.81633974482,25000.0,600000,600.0,5,<function gentle_check at 0x0000015C86605900>,"(0, 1, 0)",2,"(1, 0, 0)",0,"(1, 0, 0)",0.25,31,5,6.2,0.7483314773547882,20230425145317,1,600025
<class 'rotational_diffusion.src.variables.molecule_properties.mScarlet'>,200000.0,78539.81633974482,25000.0,610000,610.0,5,<function gentle_check at 0x0000015C86605900>,"(0, 1, 0)",2,"(1, 0, 0)",0,"(1, 0, 0)",0.25,29,16,2.8633333333333333,2.6773203850948515,20230425145318,1,610025
<class 'rotational_diffusion.src.variables.molecule_properties.mScarlet'>,200000.0,78539.81633974482,25000.0,620000,620.0,5,<function gentle_check at 0x0000015C86605900>,"(0, 1, 0)",2,"(1, 0, 0)",0,"(1, 0, 0)",0.25,27,8,2.2666666666666666,1.6485684025170981,20230425145318,1,620025
<class 'rotational_diffusion.src.variables.molecule_properties.mScarlet'>,200000.0,78539.81633974482,25000.0,630000,630.0,5,<function gentle_check at 0x0000015C86605900>,"(0, 1, 0)",2,"(1, 0, 0)",0,"(1, 0, 0)",0.25,6,7,0.875,0.739509972887452,20230425145318,1,630025
<class 'rotational_diffusion.src.variables.molecule_properties.mScarlet'>,200000.0,78539.81633974482,25000.0,640000,640.0,5,<function gentle_check at 0x0000015C86605900>,"(0, 1, 0)",2,"(1, 0, 0)",0,"(1, 0, 0)",0.25,31,7,3.633333333333333,2.7576157173261913,20230425145318,1,640025
<class 'rotational_diffusion.src.variables.molecule_properties.mScarlet'>,200000.0,78539.81633974482,25000.0,650000,650.0,5,<function gentle_check at 0x0000015C86605900>,"(0, 1, 0)",2,"(1, 0, 0)",0,"(1, 0, 0)",0.25,22,8,3.6,1.8547236990991407,20230425145318,1,650025
<class 'rotational_diffusion.src.variables.molecule_properties.mScarlet'>,200000.0,78539.81633974482,25000.0,660000,660.0,5,<function gentle_check at 0x0000015C86605900>,"(0, 1, 0)",2,"(1, 0, 0)",0,"(1, 0, 0)",0.25,27,11,3.2,2.0396078054371136,20230425145318,1,660025
<class 'rotational_diffusion.src.variables.molecule_properties.mScarlet'>,200000.0,78539.81633974482,25000.0,670000,670.0,5,<function gentle_check at 0x0000015C86605900>,"(0, 1, 0)",2,"(1, 0, 0)",0,"(1, 0, 0)",0.25,35,1,1.2,2.4,20230425145319,1,670025
<class 'rotational_diffusion.src.variables.molecule_properties.mScarlet'>,200000.0,78539.81633974482,25000.0,680000,680.0,5,<function gentle_check at 0x0000015C86605900>,"(0, 1, 0)",2,"(1, 0, 0)",0,"(1, 0, 0)",0.25,42,7,7.466666666666666,2.671661987935184,20230425145319,1,680025
<class 'rotational_diffusion.src.variables.molecule_properties.mScarlet'>,200000.0,78539.81633974482,25000.0,690000,690.0,5,<function gentle_check at 0x0000015C86605900>,"(0, 1, 0)",2,"(1, 0, 0)",0,"(1, 0, 0)",0.25,23,9,3.166666666666667,1.6055459438389728,20230425145319,1,690025
<class 'rotational_diffusion.src.variables.molecule_properties.mScarlet'>,200000.0,78539.81633974482,25000.0,700000,700.0,5,<function gentle_check at 0x0000015C86605900>,"(0, 1, 0)",2,"(1, 0, 0)",0,"(1, 0, 0)",0.25,26,8,2.5,2.04939015319192,20230425145319,1,700025
<class 'rotational_diffusion.src.variables.molecule_properties.mScarlet'>,200000.0,78539.81633974482,25000.0,710000,710.0,5,<function gentle_check at 0x0000015C86605900>,"(0, 1, 0)",2,"(1, 0, 0)",0,"(1, 0, 0)",0.25,24,5,2.0,2.2135943621178655,20230425145319,1,710025
<class 'rotational_diffusion.src.variables.molecule_properties.mScarlet'>,200000.0,78539.81633974482,25000.0,720000,720.0,5,<function gentle_check at 0x0000015C86605900>,"(0, 1, 0)",2,"(1, 0, 0)",0,"(1, 0, 0)",0.25,25,6,4.4,1.0198039027185568,20230425145320,1,720025
<class 'rotational_diffusion.src.variables.molecule_properties.mScarlet'>,200000.0,78539.81633974482,25000.0,730000,730.0,5,<function gentle_check at 0x0000015C86605900>,"(0, 1, 0)",2,"(1, 0, 0)",0,"(1, 0, 0)",0.25,61,8,8.4,2.7092434368288134,20230425145320,1,730025
<class 'rotational_diffusion.src.variables.molecule_properties.mScarlet'>,200000.0,78539.81633974482,25000.0,740000,740.0,5,<function gentle_check at 0x0000015C86605900>,"(0, 1, 0)",2,"(1, 0, 0)",0,"(1, 0, 0)",0.25,27,3,3.4,2.8000000000000003,20230425145320,1,740025
<class 'rotational_diffusion.src.variables.molecule_properties.mScarlet'>,200000.0,78539.81633974482,25000.0,750000,750.0,5,<function gentle_check at 0x0000015C86605900>,"(0, 1, 0)",2,"(1, 0, 0)",0,"(1, 0, 0)",0.25,25,2,2.0,2.5298221281347035,20230425145320,1,750025
<class 'rotational_diffusion.src.variables.molecule_properties.mScarlet'>,200000.0,78539.81633974482,25000.0,760000,760.0,5,<function gentle_check at 0x0000015C86605900>,"(0, 1, 0)",2,"(1, 0, 0)",0,"(1, 0, 0)",0.25,30,14,2.35,0.7999999999999999,20230425145320,1,760025
<class 'rotational_diffusion.src.variables.molecule_properties.mScarlet'>,200000.0,78539.81633974482,25000.0,770000,770.0,5,<function gentle_check at 0x0000015C86605900>,"(0, 1, 0)",2,"(1, 0, 0)",0,"(1, 0, 0)",0.25,34,9,5.333333333333333,3.018461712712472,20230425145320,1,770025
<class 'rotational_diffusion.src.variables.molecule_properties.mScarlet'>,200000.0,78539.81633974482,25000.0,780000,780.0,5,<function gentle_check at 0x0000015C86605900>,"(0, 1, 0)",2,"(1, 0, 0)",0,"(1, 0, 0)",0.25,20,5,2.8,1.6,20230425145321,1,780025
<class 'rotational_diffusion.src.variables.molecule_properties.mScarlet'>,200000.0,78539.81633974482,25000.0,790000,790.0,5,<function gentle_check at 0x0000015C86605900>,"(0, 1, 0)",2,"(1, 0, 0)",0,"(1, 0, 0)",0.25,16,10,1.9333333333333331,1.1185307823708344,20230425145321,1,790025
<class 'rotational_diffusion.src.variables.molecule_properties.mScarlet'>,200000.0,78539.81633974482,25000.0,800000,800.0,5,<function gentle_check at 0x0000015C86605900>,"(0, 1, 0)",2,"(1, 0, 0)",0,"(1, 0, 0)",0.25,29,6,3.3,2.4,20230425145321,1,800025
<class 'rotational_diffusion.src.variables.molecule_properties.mScarlet'>,200000.0,78539.81633974482,25000.0,810000,810.0,5,<function gentle_check at 0x0000015C86605900>,"(0, 1, 0)",2,"(1, 0, 0)",0,"(1, 0, 0)",0.25,8,4,0.75,0.82915619758885,20230425145321,1,810025
<class 'rotational_diffusion.src.variables.molecule_properties.mScarlet'>,200000.0,78539.81633974482,25000.0,820000,820.0,5,<function gentle_check at 0x0000015C86605900>,"(0, 1, 0)",2,"(1, 0, 0)",0,"(1, 0, 0)",0.25,28,15,2.6933333333333334,2.1976148686954025,20230425145321,1,820025
<class 'rotational_diffusion.src.variables.molecule_properties.mScarlet'>,200000.0,78539.81633974482,25000.0,830000,830.0,5,<function gentle_check at 0x0000015C86605900>,"(0, 1, 0)",2,"(1, 0, 0)",0,"(1, 0, 0)",0.25,19,4,1.7,1.5999999999999999,20230425145321,1,830025
<class 'rotational_diffusion.src.variables.molecule_properties.mScarlet'>,200000.0,78539.81633974482,25000.0,840000,840.0,5,<function gentle_check at 0x0000015C86605900>,"(0, 1, 0)",2,"(1, 0, 0)",0,"(1, 0, 0)",0.25,33,9,4.666666666666666,2.465314944946746,20230425145322,1,840025
<class 'rotational_diffusion.src.variables.molecule_properties.mScarlet'>,200000.0,78539.81633974482,25000.0,850000,850.0,5,<function gentle_check at 0x0000015C86605900>,"(0, 1, 0)",2,"(1, 0, 0)",0,"(1, 0, 0)",0.25,24,6,4.3,1.16619037896906,20230425145322,1,850025
<class 'rotational_diffusion.src.variables.molecule_properties.mScarlet'>,200000.0,78539.81633974482,25000.0,860000,860.0,5,<function gentle_check at 0x0000015C86605900>,"(0, 1, 0)",2,"(1, 0, 0)",0,"(1, 0, 0)",0.25,3,6,0.5,0.408248290463863,20230425145322,1,860025
<class 'rotational_diffusion.src.variables.molecule_properties.mScarlet'>,200000.0,78539.81633974482,25000.0,870000,870.0,5,<function gentle_check at 0x0000015C86605900>,"(0, 1, 0)",2,"(1, 0, 0)",0,"(1, 0, 0)",0.25,26,7,1.5333333333333332,1.8330302779823358,20230425145322,1,870025
<class 'rotational_diffusion.src.variables.molecule_properties.mScarlet'>,200000.0,78539.81633974482,25000.0,880000,880.0,5,<function gentle_check at 0x0000015C86605900>,"(0, 1, 0)",2,"(1, 0, 0)",0,"(1, 0, 0)",0.25,13,0,0.0,0.0,20230425145322,1,880025
<class 'rotational_diffusion.src.variables.molecule_properties.mScarlet'>,200000.0,78539.81633974482,25000.0,890000,890.0,5,<function gentle_check at 0x0000015C86605900>,"(0, 1, 0)",2,"(1, 0, 0)",0,"(1, 0, 0)",0.25,12,20,0.71,0.41521078984053394,20230425145322,1,890025
<class 'rotational_diffusion.src.variables.molecule_properties.mScarlet'>,200000.0,78539.81633974482,25000.0,900000,900.0,5,<function gentle_check at 0x0000015C86605900>,"(0, 1, 0)",2,"(1, 0, 0)",0,"(1, 0, 0)",0.25,0,0,nan,nan,20230425145323,1,900025
<class 'rotational_diffusion.src.variables.molecule_properties.mScarlet'>,200000.0,78539.81633974482,25000.0,910000,910.0,5,<function gentle_check at 0x0000015C86605900>,"(0, 1, 0)",2,"(1, 0, 0)",0,"(1, 0, 0)",0.25,13,5,2.6,0.4898979485566356,20230425145323,1,910025
<class 'rotational_diffusion.src.variables.molecule_properties.mScarlet'>,200000.0,78539.81633974482,25000.0,920000,920.0,5,<function gentle_check at 0x0000015C86605900>,"(0, 1, 0)",2,"(1, 0, 0)",0,"(1, 0, 0)",0.25,12,4,1.0,0.8944271909999159,20230425145323,1,920025
<class 'rotational_diffusion.src.variables.molecule_properties.mScarlet'>,200000.0,78539.81633974482,25000.0,930000,930.0,5,<function gentle_check at 0x0000015C86605900>,"(0, 1, 0)",2,"(1, 0, 0)",0,"(1, 0, 0)",0.25,11,7,1.9,1.019803902718557,20230425145323,1,930025
<class 'rotational_diffusion.src.variables.molecule_properties.mScarlet'>,200000.0,78539.81633974482,25000.0,940000,940.0,5,<function gentle_check at 0x0000015C86605900>,"(0, 1, 0)",2,"(1, 0, 0)",0,"(1, 0, 0)",0.25,18,9,1.2,0.7483314773547883,20230425145323,1,940025
<class 'rotational_diffusion.src.variables.molecule_properties.mScarlet'>,200000.0,78539.81633974482,25000.0,950000,950.0,5,<function gentle_check at 0x0000015C86605900>,"(0, 1, 0)",2,"(1, 0, 0)",0,"(1, 0, 0)",0.25,6,7,1.25,0.75,20230425145323,1,950025
<class 'rotational_diffusion.src.variables.molecule_properties.mScarlet'>,200000.0,78539.81633974482,25000.0,960000,960.0,5,<function gentle_check at 0x0000015C86605900>,"(0, 1, 0)",2,"(1, 0, 0)",0,"(1, 0, 0)",0.25,21,1,0.8,1.6,20230425145323,1,960025
<class 'rotational_diffusion.src.variables.molecule_properties.mScarlet'>,200000.0,78539.81633974482,25000.0,970000,970.0,5,<function gentle_check at 0x0000015C86605900>,"(0, 1, 0)",2,"(1, 0, 0)",0,"(1, 0, 0)",0.25,6,2,0.3333333333333333,0.4714045207910317,20230425145324,1,970025
<class 'rotational_diffusion.src.variables.molecule_properties.mScarlet'>,200000.0,78539.81633974482,25000.0,980000,980.0,5,<function gentle_check at 0x0000015C86605900>,"(0, 1, 0)",2,"(1, 0, 0)",0,"(1, 0, 0)",0.25,12,11,1.3666666666666667,0.8717797887081348,20230425145324,1,980025
<class 'rotational_diffusion.src.variables.molecule_properties.mScarlet'>,200000.0,78539.81633974482,25000.0,990000,990.0,5,<function gentle_check at 0x0000015C86605900>,"(0, 1, 0)",2,"(1, 0, 0)",0,"(1, 0, 0)",0.25,24,6,2.9,2.4166091947189146,20230425145324,1,990025
<class 'rotational_diffusion.src.variables.molecule_properties.mScarlet'>,200000.0,78539.81633974482,25000.0,1000000,1000.0,5,<function gentle_check at 0x0000015C86605900>,"(0, 1, 0)",2,"(1, 0, 0)",0,"(1, 0, 0)",0.25,4,0,0.0,0.0,20230425145324,1,1000025
<class 'rotational_diffusion.src.variables.molecule_properties.mScarlet'>,200000.0,785398.1633974483,250000.0,10000,10.0,5,<function gentle_check at 0x0000015C86605900>,"(0, 1, 0)",2,"(1, 0, 0)",0,"(1, 0, 0)",0.25,44,29,1.668888888888889,0.5773673756108437,20230425145324,1,10025
<class 'rotational_diffusion.src.variables.molecule_properties.mScarlet'>,200000.0,785398.1633974483,250000.0,20000,20.0,5,<function gentle_check at 0x0000015C86605900>,"(0, 1, 0)",2,"(1, 0, 0)",0,"(1, 0, 0)",0.25,42,30,1.4419047619047618,0.31255511985543577,20230425145324,1,20025
<class 'rotational_diffusion.src.variables.molecule_properties.mScarlet'>,200000.0,785398.1633974483,250000.0,30000,30.0,5,<function gentle_check at 0x0000015C86605900>,"(0, 1, 0)",2,"(1, 0, 0)",0,"(1, 0, 0)",0.25,52,37,1.5174603174603172,0.5212240182477077,20230425145325,1,30025
<class 'rotational_diffusion.src.variables.molecule_properties.mScarlet'>,200000.0,785398.1633974483,250000.0,40000,40.0,5,<function gentle_check at 0x0000015C86605900>,"(0, 1, 0)",2,"(1, 0, 0)",0,"(1, 0, 0)",0.25,61,51,1.2074747474747474,0.19997102126554517,20230425145325,1,40025
<class 'rotational_diffusion.src.variables.molecule_properties.mScarlet'>,200000.0,785398.1633974483,250000.0,50000,50.0,5,<function gentle_check at 0x0000015C86605900>,"(0, 1, 0)",2,"(1, 0, 0)",0,"(1, 0, 0)",0.25,54,43,1.376984126984127,0.5092121877510346,20230425145325,1,50025
<class 'rotational_diffusion.src.variables.molecule_properties.mScarlet'>,200000.0,785398.1633974483,250000.0,60000,60.0,5,<function gentle_check at 0x0000015C86605900>,"(0, 1, 0)",2,"(1, 0, 0)",0,"(1, 0, 0)",0.25,27,26,1.0666666666666667,0.2260776661041756,20230425145325,1,60025
<class 'rotational_diffusion.src.variables.molecule_properties.mScarlet'>,200000.0,785398.1633974483,250000.0,70000,70.0,5,<function gentle_check at 0x0000015C86605900>,"(0, 1, 0)",2,"(1, 0, 0)",0,"(1, 0, 0)",0.25,54,33,1.8387301587301585,0.7508091545095457,20230425145325,1,70025
<class 'rotational_diffusion.src.variables.molecule_properties.mScarlet'>,200000.0,785398.1633974483,250000.0,80000,80.0,5,<function gentle_check at 0x0000015C86605900>,"(0, 1, 0)",2,"(1, 0, 0)",0,"(1, 0, 0)",0.25,45,24,1.92,0.4478839135311738,20230425145326,1,80025
<class 'rotational_diffusion.src.variables.molecule_properties.mScarlet'>,200000.0,785398.1633974483,250000.0,90000,90.0,5,<function gentle_check at 0x0000015C86605900>,"(0, 1, 0)",2,"(1, 0, 0)",0,"(1, 0, 0)",0.25,73,51,1.5142857142857145,0.5481442650136278,20230425145326,1,90025
<class 'rotational_diffusion.src.variables.molecule_properties.mScarlet'>,200000.0,785398.1633974483,250000.0,100000,100.0,5,<function gentle_check at 0x0000015C86605900>,"(0, 1, 0)",2,"(1, 0, 0)",0,"(1, 0, 0)",0.25,91,54,1.8358241758241758,0.6673479351235801,20230425145326,1,100025
<class 'rotational_diffusion.src.variables.molecule_properties.mScarlet'>,200000.0,785398.1633974483,250000.0,110000,110.0,5,<function gentle_check at 0x0000015C86605900>,"(0, 1, 0)",2,"(1, 0, 0)",0,"(1, 0, 0)",0.25,35,26,1.58,0.7877816956492453,20230425145327,1,110025
<class 'rotational_diffusion.src.variables.molecule_properties.mScarlet'>,200000.0,785398.1633974483,250000.0,120000,120.0,5,<function gentle_check at 0x0000015C86605900>,"(0, 1, 0)",2,"(1, 0, 0)",0,"(1, 0, 0)",0.25,81,31,2.788095238095238,0.9852771057203599,20230425145327,1,120025
<class 'rotational_diffusion.src.variables.molecule_properties.mScarlet'>,200000.0,785398.1633974483,250000.0,130000,130.0,5,<function gentle_check at 0x0000015C86605900>,"(0, 1, 0)",2,"(1, 0, 0)",0,"(1, 0, 0)",0.25,49,25,2.0733333333333333,0.545038224959192,20230425145327,1,130025
<class 'rotational_diffusion.src.variables.molecule_properties.mScarlet'>,200000.0,785398.1633974483,250000.0,140000,140.0,5,<function gentle_check at 0x0000015C86605900>,"(0, 1, 0)",2,"(1, 0, 0)",0,"(1, 0, 0)",0.25,34,35,1.0516666666666665,0.46171179081519875,20230425145328,1,140025
<class 'rotational_diffusion.src.variables.molecule_properties.mScarlet'>,200000.0,785398.1633974483,250000.0,150000,150.0,5,<function gentle_check at 0x0000015C86605900>,"(0, 1, 0)",2,"(1, 0, 0)",0,"(1, 0, 0)",0.25,42,22,1.9599999999999997,0.4831148931672465,20230425145328,1,150025
<class 'rotational_diffusion.src.variables.molecule_properties.mScarlet'>,200000.0,785398.1633974483,250000.0,160000,160.0,5,<function gentle_check at 0x0000015C86605900>,"(0, 1, 0)",2,"(1, 0, 0)",0,"(1, 0, 0)",0.25,43,36,1.2666666666666664,0.5228129047119374,20230425145328,1,160025
<class 'rotational_diffusion.src.variables.molecule_properties.mScarlet'>,200000.0,785398.1633974483,250000.0,170000,170.0,5,<function gentle_check at 0x0000015C86605900>,"(0, 1, 0)",2,"(1, 0, 0)",0,"(1, 0, 0)",0.25,44,13,4.573333333333333,2.407248313831468,20230425145329,1,170025
<class 'rotational_diffusion.src.variables.molecule_properties.mScarlet'>,200000.0,785398.1633974483,250000.0,180000,180.0,5,<function gentle_check at 0x0000015C86605900>,"(0, 1, 0)",2,"(1, 0, 0)",0,"(1, 0, 0)",0.25,39,6,5.0,3.96232255123179,20230425145329,1,180025
<class 'rotational_diffusion.src.variables.molecule_properties.mScarlet'>,200000.0,785398.1633974483,250000.0,190000,190.0,5,<function gentle_check at 0x0000015C86605900>,"(0, 1, 0)",2,"(1, 0, 0)",0,"(1, 0, 0)",0.25,69,30,2.45,0.7483314773547882,20230425145329,1,190025
<class 'rotational_diffusion.src.variables.molecule_properties.mScarlet'>,200000.0,785398.1633974483,250000.0,200000,200.0,5,<function gentle_check at 0x0000015C86605900>,"(0, 1, 0)",2,"(1, 0, 0)",0,"(1, 0, 0)",0.25,41,20,2.283333333333333,1.015983376941878,20230425145329,1,200025
<class 'rotational_diffusion.src.variables.molecule_properties.mScarlet'>,200000.0,785398.1633974483,250000.0,210000,210.0,5,<function gentle_check at 0x0000015C86605900>,"(0, 1, 0)",2,"(1, 0, 0)",0,"(1, 0, 0)",0.25,58,28,2.393333333333333,1.125936647122445,20230425145330,1,210025
<class 'rotational_diffusion.src.variables.molecule_properties.mScarlet'>,200000.0,785398.1633974483,250000.0,220000,220.0,5,<function gentle_check at 0x0000015C86605900>,"(0, 1, 0)",2,"(1, 0, 0)",0,"(1, 0, 0)",0.25,36,15,3.69,3.2456740440161274,20230425145330,1,220025
<class 'rotational_diffusion.src.variables.molecule_properties.mScarlet'>,200000.0,785398.1633974483,250000.0,230000,230.0,5,<function gentle_check at 0x0000015C86605900>,"(0, 1, 0)",2,"(1, 0, 0)",0,"(1, 0, 0)",0.25,43,27,2.1616666666666666,1.68756563658359,20230425145330,1,230025
<class 'rotational_diffusion.src.variables.molecule_properties.mScarlet'>,200000.0,785398.1633974483,250000.0,240000,240.0,5,<function gentle_check at 0x0000015C86605900>,"(0, 1, 0)",2,"(1, 0, 0)",0,"(1, 0, 0)",0.25,65,28,2.475714285714286,0.760821253378109,20230425145330,1,240025
<class 'rotational_diffusion.src.variables.molecule_properties.mScarlet'>,200000.0,785398.1633974483,250000.0,250000,250.0,5,<function gentle_check at 0x0000015C86605900>,"(0, 1, 0)",2,"(1, 0, 0)",0,"(1, 0, 0)",0.25,37,23,1.8014285714285716,0.7458511095057917,20230425145331,1,250025
<class 'rotational_diffusion.src.variables.molecule_properties.mScarlet'>,200000.0,785398.1633974483,250000.0,260000,260.0,5,<function gentle_check at 0x0000015C86605900>,"(0, 1, 0)",2,"(1, 0, 0)",0,"(1, 0, 0)",0.25,43,21,2.13,0.4853864439804639,20230425145331,1,260025
<class 'rotational_diffusion.src.variables.molecule_properties.mScarlet'>,200000.0,785398.1633974483,250000.0,270000,270.0,5,<function gentle_check at 0x0000015C86605900>,"(0, 1, 0)",2,"(1, 0, 0)",0,"(1, 0, 0)",0.25,34,20,1.7466666666666668,0.3241056069315131,20230425145331,1,270025
<class 'rotational_diffusion.src.variables.molecule_properties.mScarlet'>,200000.0,785398.1633974483,250000.0,280000,280.0,5,<function gentle_check at 0x0000015C86605900>,"(0, 1, 0)",2,"(1, 0, 0)",0,"(1, 0, 0)",0.25,32,20,1.6566666666666667,0.380584346031789,20230425145331,1,280025
<class 'rotational_diffusion.src.variables.molecule_properties.mScarlet'>,200000.0,785398.1633974483,250000.0,290000,290.0,5,<function gentle_check at 0x0000015C86605900>,"(0, 1, 0)",2,"(1, 0, 0)",0,"(1, 0, 0)",0.25,76,19,4.914285714285714,2.1106360606459056,20230425145332,1,290025
<class 'rotational_diffusion.src.variables.molecule_properties.mScarlet'>,200000.0,785398.1633974483,250000.0,300000,300.0,5,<function gentle_check at 0x0000015C86605900>,"(0, 1, 0)",2,"(1, 0, 0)",0,"(1, 0, 0)",0.25,41,26,1.6066666666666667,0.21949436844205772,20230425145332,1,300025
<class 'rotational_diffusion.src.variables.molecule_properties.mScarlet'>,200000.0,785398.1633974483,250000.0,310000,310.0,5,<function gentle_check at 0x0000015C86605900>,"(0, 1, 0)",2,"(1, 0, 0)",0,"(1, 0, 0)",0.25,51,22,2.4633333333333334,0.8074926900253924,20230425145332,1,310025
<class 'rotational_diffusion.src.variables.molecule_properties.mScarlet'>,200000.0,785398.1633974483,250000.0,320000,320.0,5,<function gentle_check at 0x0000015C86605900>,"(0, 1, 0)",2,"(1, 0, 0)",0,"(1, 0, 0)",0.25,50,6,5.7,3.370459909270543,20230425145332,1,320025
<class 'rotational_diffusion.src.variables.molecule_properties.mScarlet'>,200000.0,785398.1633974483,250000.0,330000,330.0,5,<function gentle_check at 0x0000015C86605900>,"(0, 1, 0)",2,"(1, 0, 0)",0,"(1, 0, 0)",0.25,37,11,4.033333333333333,2.0880613017821097,20230425145332,1,330025
<class 'rotational_diffusion.src.variables.molecule_properties.mScarlet'>,200000.0,785398.1633974483,250000.0,340000,340.0,5,<function gentle_check at 0x0000015C86605900>,"(0, 1, 0)",2,"(1, 0, 0)",0,"(1, 0, 0)",0.25,65,23,3.2550000000000003,1.255140541046212,20230425145332,1,340025
<class 'rotational_diffusion.src.variables.molecule_properties.mScarlet'>,200000.0,785398.1633974483,250000.0,350000,350.0,5,<function gentle_check at 0x0000015C86605900>,"(0, 1, 0)",2,"(1, 0, 0)",0,"(1, 0, 0)",0.25,40,25,1.6885714285714286,0.46792202385457693,20230425145333,1,350025
<class 'rotational_diffusion.src.variables.molecule_properties.mScarlet'>,200000.0,785398.1633974483,250000.0,360000,360.0,5,<function gentle_check at 0x0000015C86605900>,"(0, 1, 0)",2,"(1, 0, 0)",0,"(1, 0, 0)",0.25,43,24,2.0295238095238095,0.8667734104855297,20230425145333,1,360025
<class 'rotational_diffusion.src.variables.molecule_properties.mScarlet'>,200000.0,785398.1633974483,250000.0,370000,370.0,5,<function gentle_check at 0x0000015C86605900>,"(0, 1, 0)",2,"(1, 0, 0)",0,"(1, 0, 0)",0.25,38,12,3.9666666666666663,2.55255862921022,20230425145333,1,370025
<class 'rotational_diffusion.src.variables.molecule_properties.mScarlet'>,200000.0,785398.1633974483,250000.0,380000,380.0,5,<function gentle_check at 0x0000015C86605900>,"(0, 1, 0)",2,"(1, 0, 0)",0,"(1, 0, 0)",0.25,25,17,1.9333333333333336,1.2319812408384219,20230425145333,1,380025
<class 'rotational_diffusion.src.variables.molecule_properties.mScarlet'>,200000.0,785398.1633974483,250000.0,390000,390.0,5,<function gentle_check at 0x0000015C86605900>,"(0, 1, 0)",2,"(1, 0, 0)",0,"(1, 0, 0)",0.25,55,6,7.066666666666667,4.635131545538319,20230425145333,1,390025
<class 'rotational_diffusion.src.variables.molecule_properties.mScarlet'>,200000.0,785398.1633974483,250000.0,400000,400.0,5,<function gentle_check at 0x0000015C86605900>,"(0, 1, 0)",2,"(1, 0, 0)",0,"(1, 0, 0)",0.25,43,18,1.35,0.737563556583431,20230425145333,1,400025
<class 'rotational_diffusion.src.variables.molecule_properties.mScarlet'>,200000.0,785398.1633974483,250000.0,410000,410.0,5,<function gentle_check at 0x0000015C86605900>,"(0, 1, 0)",2,"(1, 0, 0)",0,"(1, 0, 0)",0.25,50,16,3.3166666666666673,0.8856886837057616,20230425145333,1,410025
<class 'rotational_diffusion.src.variables.molecule_properties.mScarlet'>,200000.0,785398.1633974483,250000.0,420000,420.0,5,<function gentle_check at 0x0000015C86605900>,"(0, 1, 0)",2,"(1, 0, 0)",0,"(1, 0, 0)",0.25,34,16,2.2833333333333337,0.6904105059069326,20230425145334,1,420025
<class 'rotational_diffusion.src.variables.molecule_properties.mScarlet'>,200000.0,785398.1633974483,250000.0,430000,430.0,5,<function gentle_check at 0x0000015C86605900>,"(0, 1, 0)",2,"(1, 0, 0)",0,"(1, 0, 0)",0.25,45,9,5.2,4.308131845707604,20230425145334,1,430025
<class 'rotational_diffusion.src.variables.molecule_properties.mScarlet'>,200000.0,785398.1633974483,250000.0,440000,440.0,5,<function gentle_check at 0x0000015C86605900>,"(0, 1, 0)",2,"(1, 0, 0)",0,"(1, 0, 0)",0.25,15,10,1.8333333333333333,1.1737877907772674,20230425145334,1,440025
<class 'rotational_diffusion.src.variables.molecule_properties.mScarlet'>,200000.0,785398.1633974483,250000.0,450000,450.0,5,<function gentle_check at 0x0000015C86605900>,"(0, 1, 0)",2,"(1, 0, 0)",0,"(1, 0, 0)",0.25,46,14,4.4,3.329330930449006,20230425145334,1,450025
<class 'rotational_diffusion.src.variables.molecule_properties.mScarlet'>,200000.0,785398.1633974483,250000.0,460000,460.0,5,<function gentle_check at 0x0000015C86605900>,"(0, 1, 0)",2,"(1, 0, 0)",0,"(1, 0, 0)",0.25,22,18,1.3366666666666667,0.5558177159225256,20230425145334,1,460025
<class 'rotational_diffusion.src.variables.molecule_properties.mScarlet'>,200000.0,785398.1633974483,250000.0,470000,470.0,5,<function gentle_check at 0x0000015C86605900>,"(0, 1, 0)",2,"(1, 0, 0)",0,"(1, 0, 0)",0.25,47,14,3.4799999999999995,4.3251127152942495,20230425145334,1,470025
<class 'rotational_diffusion.src.variables.molecule_properties.mScarlet'>,200000.0,785398.1633974483,250000.0,480000,480.0,5,<function gentle_check at 0x0000015C86605900>,"(0, 1, 0)",2,"(1, 0, 0)",0,"(1, 0, 0)",0.25,44,10,5.633333333333333,2.887521043694362,20230425145334,1,480025
<class 'rotational_diffusion.src.variables.molecule_properties.mScarlet'>,200000.0,785398.1633974483,250000.0,490000,490.0,5,<function gentle_check at 0x0000015C86605900>,"(0, 1, 0)",2,"(1, 0, 0)",0,"(1, 0, 0)",0.25,17,12,1.55,0.6403124237432849,20230425145335,1,490025
<class 'rotational_diffusion.src.variables.molecule_properties.mScarlet'>,200000.0,785398.1633974483,250000.0,500000,500.0,5,<function gentle_check at 0x0000015C86605900>,"(0, 1, 0)",2,"(1, 0, 0)",0,"(1, 0, 0)",0.25,46,18,2.8866666666666667,1.1943105868147437,20230425145335,1,500025
<class 'rotational_diffusion.src.variables.molecule_properties.mScarlet'>,200000.0,785398.1633974483,250000.0,510000,510.0,5,<function gentle_check at 0x0000015C86605900>,"(0, 1, 0)",2,"(1, 0, 0)",0,"(1, 0, 0)",0.25,20,23,0.96,0.5425863986500215,20230425145335,1,510025
<class 'rotational_diffusion.src.variables.molecule_properties.mScarlet'>,200000.0,785398.1633974483,250000.0,520000,520.0,5,<function gentle_check at 0x0000015C86605900>,"(0, 1, 0)",2,"(1, 0, 0)",0,"(1, 0, 0)",0.25,52,14,5.633333333333333,3.6612080580655952,20230425145335,1,520025
<class 'rotational_diffusion.src.variables.molecule_properties.mScarlet'>,200000.0,785398.1633974483,250000.0,530000,530.0,5,<function gentle_check at 0x0000015C86605900>,"(0, 1, 0)",2,"(1, 0, 0)",0,"(1, 0, 0)",0.25,31,9,4.233333333333333,1.9708993998792643,20230425145335,1,530025
<class 'rotational_diffusion.src.variables.molecule_properties.mScarlet'>,200000.0,785398.1633974483,250000.0,540000,540.0,5,<function gentle_check at 0x0000015C86605900>,"(0, 1, 0)",2,"(1, 0, 0)",0,"(1, 0, 0)",0.25,39,11,4.1,1.6586473739499636,20230425145335,1,540025
<class 'rotational_diffusion.src.variables.molecule_properties.mScarlet'>,200000.0,785398.1633974483,250000.0,550000,550.0,5,<function gentle_check at 0x0000015C86605900>,"(0, 1, 0)",2,"(1, 0, 0)",0,"(1, 0, 0)",0.25,27,15,2.033333333333333,0.8038103701191662,20230425145335,1,550025
<class 'rotational_diffusion.src.variables.molecule_properties.mScarlet'>,200000.0,785398.1633974483,250000.0,560000,560.0,5,<function gentle_check at 0x0000015C86605900>,"(0, 1, 0)",2,"(1, 0, 0)",0,"(1, 0, 0)",0.25,33,7,5.933333333333334,2.2251092357704847,20230425145336,1,560025
<class 'rotational_diffusion.src.variables.molecule_properties.mScarlet'>,200000.0,785398.1633974483,250000.0,570000,570.0,5,<function gentle_check at 0x0000015C86605900>,"(0, 1, 0)",2,"(1, 0, 0)",0,"(1, 0, 0)",0.25,34,6,4.0,2.4289915602982237,20230425145336,1,570025
<class 'rotational_diffusion.src.variables.molecule_properties.mScarlet'>,200000.0,785398.1633974483,250000.0,580000,580.0,5,<function gentle_check at 0x0000015C86605900>,"(0, 1, 0)",2,"(1, 0, 0)",0,"(1, 0, 0)",0.25,42,15,3.306666666666666,1.5160474926597782,20230425145336,1,580025
<class 'rotational_diffusion.src.variables.molecule_properties.mScarlet'>,200000.0,785398.1633974483,250000.0,590000,590.0,5,<function gentle_check at 0x0000015C86605900>,"(0, 1, 0)",2,"(1, 0, 0)",0,"(1, 0, 0)",0.25,48,18,3.05,1.5198684153570663,20230425145336,1,590025
<class 'rotational_diffusion.src.variables.molecule_properties.mScarlet'>,200000.0,785398.1633974483,250000.0,600000,600.0,5,<function gentle_check at 0x0000015C86605900>,"(0, 1, 0)",2,"(1, 0, 0)",0,"(1, 0, 0)",0.25,44,11,5.683333333333333,3.4255575377512555,20230425145336,1,600025
<class 'rotational_diffusion.src.variables.molecule_properties.mScarlet'>,200000.0,785398.1633974483,250000.0,610000,610.0,5,<function gentle_check at 0x0000015C86605900>,"(0, 1, 0)",2,"(1, 0, 0)",0,"(1, 0, 0)",0.25,40,11,3.3,3.5334119488109503,20230425145336,1,610025
<class 'rotational_diffusion.src.variables.molecule_properties.mScarlet'>,200000.0,785398.1633974483,250000.0,620000,620.0,5,<function gentle_check at 0x0000015C86605900>,"(0, 1, 0)",2,"(1, 0, 0)",0,"(1, 0, 0)",0.25,21,3,2.6,2.33238075793812,20230425145336,1,620025
<class 'rotational_diffusion.src.variables.molecule_properties.mScarlet'>,200000.0,785398.1633974483,250000.0,630000,630.0,5,<function gentle_check at 0x0000015C86605900>,"(0, 1, 0)",2,"(1, 0, 0)",0,"(1, 0, 0)",0.25,26,9,3.6333333333333337,2.0504741998972933,20230425145337,1,630025
<class 'rotational_diffusion.src.variables.molecule_properties.mScarlet'>,200000.0,785398.1633974483,250000.0,640000,640.0,5,<function gentle_check at 0x0000015C86605900>,"(0, 1, 0)",2,"(1, 0, 0)",0,"(1, 0, 0)",0.25,26,3,3.2,2.6381811916545836,20230425145337,1,640025
<class 'rotational_diffusion.src.variables.molecule_properties.mScarlet'>,200000.0,785398.1633974483,250000.0,650000,650.0,5,<function gentle_check at 0x0000015C86605900>,"(0, 1, 0)",2,"(1, 0, 0)",0,"(1, 0, 0)",0.25,32,7,5.3,2.08806130178211,20230425145337,1,650025
<class 'rotational_diffusion.src.variables.molecule_properties.mScarlet'>,200000.0,785398.1633974483,250000.0,660000,660.0,5,<function gentle_check at 0x0000015C86605900>,"(0, 1, 0)",2,"(1, 0, 0)",0,"(1, 0, 0)",0.25,31,10,4.25,2.4392621835300936,20230425145337,1,660025
<class 'rotational_diffusion.src.variables.molecule_properties.mScarlet'>,200000.0,785398.1633974483,250000.0,670000,670.0,5,<function gentle_check at 0x0000015C86605900>,"(0, 1, 0)",2,"(1, 0, 0)",0,"(1, 0, 0)",0.25,21,9,3.4,2.0698899595013365,20230425145337,1,670025
<class 'rotational_diffusion.src.variables.molecule_properties.mScarlet'>,200000.0,785398.1633974483,250000.0,680000,680.0,5,<function gentle_check at 0x0000015C86605900>,"(0, 1, 0)",2,"(1, 0, 0)",0,"(1, 0, 0)",0.25,17,3,1.0,1.5491933384829668,20230425145337,1,680025
<class 'rotational_diffusion.src.variables.molecule_properties.mScarlet'>,200000.0,785398.1633974483,250000.0,690000,690.0,5,<function gentle_check at 0x0000015C86605900>,"(0, 1, 0)",2,"(1, 0, 0)",0,"(1, 0, 0)",0.25,25,14,1.1833333333333333,0.683942817622773,20230425145337,1,690025
<class 'rotational_diffusion.src.variables.molecule_properties.mScarlet'>,200000.0,785398.1633974483,250000.0,700000,700.0,5,<function gentle_check at 0x0000015C86605900>,"(0, 1, 0)",2,"(1, 0, 0)",0,"(1, 0, 0)",0.25,36,8,4.5600000000000005,3.54039545813741,20230425145338,1,700025
<class 'rotational_diffusion.src.variables.molecule_properties.mScarlet'>,200000.0,785398.1633974483,250000.0,710000,710.0,5,<function gentle_check at 0x0000015C86605900>,"(0, 1, 0)",2,"(1, 0, 0)",0,"(1, 0, 0)",0.25,32,4,3.2,2.925747767665559,20230425145338,1,710025
<class 'rotational_diffusion.src.variables.molecule_properties.mScarlet'>,200000.0,785398.1633974483,250000.0,720000,720.0,5,<function gentle_check at 0x0000015C86605900>,"(0, 1, 0)",2,"(1, 0, 0)",0,"(1, 0, 0)",0.25,18,9,1.4,1.3564659966250536,20230425145338,1,720025
<class 'rotational_diffusion.src.variables.molecule_properties.mScarlet'>,200000.0,785398.1633974483,250000.0,730000,730.0,5,<function gentle_check at 0x0000015C86605900>,"(0, 1, 0)",2,"(1, 0, 0)",0,"(1, 0, 0)",0.25,28,8,4.0,1.760681686165901,20230425145338,1,730025
<class 'rotational_diffusion.src.variables.molecule_properties.mScarlet'>,200000.0,785398.1633974483,250000.0,740000,740.0,5,<function gentle_check at 0x0000015C86605900>,"(0, 1, 0)",2,"(1, 0, 0)",0,"(1, 0, 0)",0.25,14,11,1.3,0.5099019513592785,20230425145338,1,740025
<class 'rotational_diffusion.src.variables.molecule_properties.mScarlet'>,200000.0,785398.1633974483,250000.0,750000,750.0,5,<function gentle_check at 0x0000015C86605900>,"(0, 1, 0)",2,"(1, 0, 0)",0,"(1, 0, 0)",0.25,32,11,3.6333333333333337,2.2813251509691566,20230425145338,1,750025
<class 'rotational_diffusion.src.variables.molecule_properties.mScarlet'>,200000.0,785398.1633974483,250000.0,760000,760.0,5,<function gentle_check at 0x0000015C86605900>,"(0, 1, 0)",2,"(1, 0, 0)",0,"(1, 0, 0)",0.25,31,6,3.6,2.7092434368288134,20230425145339,1,760025
<class 'rotational_diffusion.src.variables.molecule_properties.mScarlet'>,200000.0,785398.1633974483,250000.0,770000,770.0,5,<function gentle_check at 0x0000015C86605900>,"(0, 1, 0)",2,"(1, 0, 0)",0,"(1, 0, 0)",0.25,17,16,1.0833333333333333,0.22360679774997894,20230425145339,1,770025
<class 'rotational_diffusion.src.variables.molecule_properties.mScarlet'>,200000.0,785398.1633974483,250000.0,780000,780.0,5,<function gentle_check at 0x0000015C86605900>,"(0, 1, 0)",2,"(1, 0, 0)",0,"(1, 0, 0)",0.25,26,5,2.1,2.2,20230425145339,1,780025
<class 'rotational_diffusion.src.variables.molecule_properties.mScarlet'>,200000.0,785398.1633974483,250000.0,790000,790.0,5,<function gentle_check at 0x0000015C86605900>,"(0, 1, 0)",2,"(1, 0, 0)",0,"(1, 0, 0)",0.25,14,14,1.15,0.4841946348777983,20230425145339,1,790025
<class 'rotational_diffusion.src.variables.molecule_properties.mScarlet'>,200000.0,785398.1633974483,250000.0,800000,800.0,5,<function gentle_check at 0x0000015C86605900>,"(0, 1, 0)",2,"(1, 0, 0)",0,"(1, 0, 0)",0.25,33,6,2.2,2.6381811916545836,20230425145339,1,800025
<class 'rotational_diffusion.src.variables.molecule_properties.mScarlet'>,200000.0,785398.1633974483,250000.0,810000,810.0,5,<function gentle_check at 0x0000015C86605900>,"(0, 1, 0)",2,"(1, 0, 0)",0,"(1, 0, 0)",0.25,27,13,2.9,1.8614510468986285,20230425145339,1,810025
<class 'rotational_diffusion.src.variables.molecule_properties.mScarlet'>,200000.0,785398.1633974483,250000.0,820000,820.0,5,<function gentle_check at 0x0000015C86605900>,"(0, 1, 0)",2,"(1, 0, 0)",0,"(1, 0, 0)",0.25,18,3,1.8,1.4696938456699067,20230425145340,1,820025
<class 'rotational_diffusion.src.variables.molecule_properties.mScarlet'>,200000.0,785398.1633974483,250000.0,830000,830.0,5,<function gentle_check at 0x0000015C86605900>,"(0, 1, 0)",2,"(1, 0, 0)",0,"(1, 0, 0)",0.25,33,2,2.4,2.939387691339814,20230425145340,1,830025
<class 'rotational_diffusion.src.variables.molecule_properties.mScarlet'>,200000.0,785398.1633974483,250000.0,840000,840.0,5,<function gentle_check at 0x0000015C86605900>,"(0, 1, 0)",2,"(1, 0, 0)",0,"(1, 0, 0)",0.25,8,7,1.4,0.7348469228349535,20230425145340,1,840025
<class 'rotational_diffusion.src.variables.molecule_properties.mScarlet'>,200000.0,785398.1633974483,250000.0,850000,850.0,5,<function gentle_check at 0x0000015C86605900>,"(0, 1, 0)",2,"(1, 0, 0)",0,"(1, 0, 0)",0.25,22,4,2.0,2.0976176963403033,20230425145340,1,850025
<class 'rotational_diffusion.src.variables.molecule_properties.mScarlet'>,200000.0,785398.1633974483,250000.0,860000,860.0,5,<function gentle_check at 0x0000015C86605900>,"(0, 1, 0)",2,"(1, 0, 0)",0,"(1, 0, 0)",0.25,13,7,1.875,1.243734296383275,20230425145340,1,860025
<class 'rotational_diffusion.src.variables.molecule_properties.mScarlet'>,200000.0,785398.1633974483,250000.0,870000,870.0,5,<function gentle_check at 0x0000015C86605900>,"(0, 1, 0)",2,"(1, 0, 0)",0,"(1, 0, 0)",0.25,23,10,1.75,1.161895003862225,20230425145340,1,870025
<class 'rotational_diffusion.src.variables.molecule_properties.mScarlet'>,200000.0,785398.1633974483,250000.0,880000,880.0,5,<function gentle_check at 0x0000015C86605900>,"(0, 1, 0)",2,"(1, 0, 0)",0,"(1, 0, 0)",0.25,17,14,1.6,0.9565563234854496,20230425145340,1,880025
<class 'rotational_diffusion.src.variables.molecule_properties.mScarlet'>,200000.0,785398.1633974483,250000.0,890000,890.0,5,<function gentle_check at 0x0000015C86605900>,"(0, 1, 0)",2,"(1, 0, 0)",0,"(1, 0, 0)",0.25,5,4,0.75,0.4330127018922193,20230425145340,1,890025
<class 'rotational_diffusion.src.variables.molecule_properties.mScarlet'>,200000.0,785398.1633974483,250000.0,900000,900.0,5,<function gentle_check at 0x0000015C86605900>,"(0, 1, 0)",2,"(1, 0, 0)",0,"(1, 0, 0)",0.25,19,12,1.8666666666666667,1.0873004286866728,20230425145341,1,900025
<class 'rotational_diffusion.src.variables.molecule_properties.mScarlet'>,200000.0,785398.1633974483,250000.0,910000,910.0,5,<function gentle_check at 0x0000015C86605900>,"(0, 1, 0)",2,"(1, 0, 0)",0,"(1, 0, 0)",0.25,10,10,1.5333333333333332,1.2220201853215573,20230425145341,1,910025
<class 'rotational_diffusion.src.variables.molecule_properties.mScarlet'>,200000.0,785398.1633974483,250000.0,920000,920.0,5,<function gentle_check at 0x0000015C86605900>,"(0, 1, 0)",2,"(1, 0, 0)",0,"(1, 0, 0)",0.25,25,3,2.8,2.3151673805580453,20230425145341,1,920025
<class 'rotational_diffusion.src.variables.molecule_properties.mScarlet'>,200000.0,785398.1633974483,250000.0,930000,930.0,5,<function gentle_check at 0x0000015C86605900>,"(0, 1, 0)",2,"(1, 0, 0)",0,"(1, 0, 0)",0.25,9,8,1.3,0.6000000000000001,20230425145341,1,930025
<class 'rotational_diffusion.src.variables.molecule_properties.mScarlet'>,200000.0,785398.1633974483,250000.0,940000,940.0,5,<function gentle_check at 0x0000015C86605900>,"(0, 1, 0)",2,"(1, 0, 0)",0,"(1, 0, 0)",0.25,2,0,0.0,0.0,20230425145341,1,940025
<class 'rotational_diffusion.src.variables.molecule_properties.mScarlet'>,200000.0,785398.1633974483,250000.0,950000,950.0,5,<function gentle_check at 0x0000015C86605900>,"(0, 1, 0)",2,"(1, 0, 0)",0,"(1, 0, 0)",0.25,17,3,0.8,1.1661903789690604,20230425145341,1,950025
<class 'rotational_diffusion.src.variables.molecule_properties.mScarlet'>,200000.0,785398.1633974483,250000.0,960000,960.0,5,<function gentle_check at 0x0000015C86605900>,"(0, 1, 0)",2,"(1, 0, 0)",0,"(1, 0, 0)",0.25,22,8,1.7,0.8717797887081347,20230425145341,1,960025
<class 'rotational_diffusion.src.variables.molecule_properties.mScarlet'>,200000.0,785398.1633974483,250000.0,970000,970.0,5,<function gentle_check at 0x0000015C86605900>,"(0, 1, 0)",2,"(1, 0, 0)",0,"(1, 0, 0)",0.25,17,4,1.7,1.6,20230425145342,1,970025
<class 'rotational_diffusion.src.variables.molecule_properties.mScarlet'>,200000.0,785398.1633974483,250000.0,980000,980.0,5,<function gentle_check at 0x0000015C86605900>,"(0, 1, 0)",2,"(1, 0, 0)",0,"(1, 0, 0)",0.25,16,0,0.0,0.0,20230425145342,1,980025
<class 'rotational_diffusion.src.variables.molecule_properties.mScarlet'>,200000.0,785398.1633974483,250000.0,990000,990.0,5,<function gentle_check at 0x0000015C86605900>,"(0, 1, 0)",2,"(1, 0, 0)",0,"(1, 0, 0)",0.25,11,8,1.7,1.077032961426901,20230425145342,1,990025
<class 'rotational_diffusion.src.variables.molecule_properties.mScarlet'>,200000.0,785398.1633974483,250000.0,1000000,1000.0,5,<function gentle_check at 0x0000015C86605900>,"(0, 1, 0)",2,"(1, 0, 0)",0,"(1, 0, 0)",0.25,14,9,1.9,1.1135528725660042,20230425145342,1,1000025
